sl_floor,setup,atr_coef,axis,value,n,reached,reach_rate,tp1,sl,timeout,win_rate,plan_rr_avg,real_r_gross_avg,real_r_net_avg,pips_gross_sum,pips_net_sum,pips_gross_avg,pips_net_avg,yen_net_1lot_avg,max_loss_streak,same_bar,gap,after_expiry,cancelled_unreached
a_reject,A,0.5,全体,全体,109,63,0.5780,19,44,0,0.3016,2.827,0.047,0.014,474.800,395.200,7.537,6.273,10270.792,7,1,0,3,40
a_reject,A,0.5,銘柄,AUDUSD,1,0,0.0000,0,0,0,,4.097,,,0,0,,,,0,0,0,0,1
a_reject,A,0.5,銘柄,EURJPY,12,5,0.4167,2,3,0,0.4000,3.591,0.328,0.185,19.900,11.900,3.980,2.380,2380.000,3,0,0,0,7
a_reject,A,0.5,銘柄,GBPUSD,2,0,0.0000,0,0,0,,4.454,,,0,0,,,,0,0,0,0,2
a_reject,A,0.5,銘柄,USDJPY,10,5,0.5000,1,4,0,0.2000,3.367,-0.064,-0.195,-3.700,-11.700,-0.740,-2.340,-2340.000,4,1,0,0,5
a_reject,A,0.5,銘柄,XAUUSD,84,53,0.6310,16,37,0,0.3019,2.599,0.031,0.017,458.600,395.000,8.653,7.453,12204.904,6,0,0,3,25
a_reject,A,0.5,設計の回,設計①,56,29,0.5179,10,19,0,0.3448,3.084,0.217,0.188,1252.900,1216.500,43.203,41.948,67590.289,5,1,0,1,26
a_reject,A,0.5,設計の回,設計②,34,20,0.5882,7,13,0,0.3500,2.460,0.267,0.220,-121.500,-147.500,-6.075,-7.375,-12659.035,3,0,0,0,14
a_reject,A,0.5,設計の回,設計③,19,14,0.7368,2,12,0,0.1429,2.726,-0.618,-0.643,-656.600,-673.800,-46.900,-48.129,-75705.555,6,0,0,2,0
a_reject,A,0.5,設計日の曜日,月,10,5,0.5000,1,4,0,0.2000,2.883,0.125,0.110,-45.500,-51.500,-9.100,-10.300,-12695.440,3,0,0,1,3
a_reject,A,0.5,設計日の曜日,火,25,18,0.7200,5,13,0,0.2778,2.727,-0.139,-0.175,24.500,1.700,1.361,0.094,1728.702,5,0,0,0,6
a_reject,A,0.5,設計日の曜日,水,22,12,0.5455,4,8,0,0.3333,2.597,0.292,0.259,633.800,618.600,52.817,51.550,81722.205,2,0,0,0,10
a_reject,A,0.5,設計日の曜日,木,31,19,0.6129,6,13,0,0.3158,2.949,-0.075,-0.115,10.700,-13.700,0.563,-0.721,-1211.566,4,1,0,1,10
a_reject,A,0.5,設計日の曜日,金,21,9,0.4286,3,6,0,0.3333,2.979,0.308,0.283,-148.700,-159.900,-16.522,-17.767,-30914.027,4,0,0,1,11
a_reject,A,0.5,ボラ状態,平常,37,22,0.5946,6,16,0,0.2727,2.930,-0.077,-0.149,-254.500,-284.900,-11.568,-12.950,-20544.944,6,1,0,0,14
a_reject,A,0.5,ボラ状態,注意,35,17,0.4857,4,13,0,0.2353,2.891,0.047,0.032,6.900,-13.500,0.406,-0.794,-898.515,11,0,0,2,16
a_reject,A,0.5,ボラ状態,高ボラ,24,15,0.6250,6,9,0,0.4000,2.739,0.305,0.292,579.400,561.400,38.627,37.427,59242.610,6,0,0,1,7
a_reject,A,0.5,ボラ状態,異常,13,9,0.6923,3,6,0,0.3333,2.522,-0.078,-0.087,143.000,132.200,15.889,14.689,25076.031,4,0,0,0,3
a_reject,A,0.5,売買（参考）,売り,36,22,0.6111,6,16,0,0.2727,2.702,0.011,-0.005,-201.400,-227.800,-9.155,-10.355,-16052.509,6,0,0,2,11
a_reject,A,0.5,売買（参考）,買い,73,41,0.5616,13,28,0,0.3171,2.888,0.067,0.024,676.200,623.000,16.493,15.195,24395.491,7,1,0,1,29
a_reject,A,0.5,約定時刻(JST),07時台,7,7,1.0000,3,4,0,0.4286,2.475,0.390,0.362,478.300,469.500,68.329,67.071,105143.624,3,0,0,0,0
a_reject,A,0.5,約定時刻(JST),08時台,7,7,1.0000,2,5,0,0.2857,2.613,-0.137,-0.170,317.000,308.200,45.286,44.029,69562.401,3,0,0,0,0
a_reject,A,0.5,約定時刻(JST),10時台,7,7,1.0000,1,6,0,0.1429,2.433,-0.566,-0.594,-382.000,-390.800,-54.571,-55.829,-83823.622,6,0,0,0,0
a_reject,A,0.5,約定時刻(JST),11時台,2,2,1.0000,0,2,0,0.0000,2.880,-1.000,-1.062,-99.300,-102.100,-49.650,-51.050,-76422.150,2,1,0,0,0
a_reject,A,0.5,約定時刻(JST),12時台,2,2,1.0000,2,0,0,1.0000,2.813,2.813,2.799,453.200,450.800,226.600,225.400,365581.976,0,0,0,0,0
a_reject,A,0.5,約定時刻(JST),13時台,2,2,1.0000,2,0,0,1.0000,3.432,3.432,3.421,695.300,692.900,347.650,346.450,534036.334,0,0,0,0,0
a_reject,A,0.5,約定時刻(JST),14時台,2,2,1.0000,0,2,0,0.0000,1.721,-1.000,-1.015,-209.600,-212.000,-104.800,-106.000,-161225.381,2,0,0,0,0
a_reject,A,0.5,約定時刻(JST),16時台,14,14,1.0000,5,9,0,0.3571,2.447,0.360,0.308,73.900,55.500,5.279,3.964,5112.912,3,0,0,0,0
a_reject,A,0.5,約定時刻(JST),17時台,4,4,1.0000,2,2,0,0.5000,2.352,0.574,0.526,4.400,-0.800,1.100,-0.200,-2874.776,1,0,0,0,0
a_reject,A,0.5,約定時刻(JST),18時台,1,1,1.0000,0,1,0,0.0000,2.064,-1.000,-1.013,-90.400,-91.600,-90.400,-91.600,-141172.088,1,0,0,0,0
a_reject,A,0.5,約定時刻(JST),19時台,1,1,1.0000,0,1,0,0.0000,4.544,-1.000,-1.011,-109.400,-110.600,-109.400,-110.600,-172090.282,1,0,0,0,0
a_reject,A,0.5,約定時刻(JST),21時台,5,5,1.0000,1,4,0,0.2000,3.079,-0.440,-0.482,-185.800,-192.200,-37.160,-38.440,-59596.182,3,0,0,0,0
a_reject,A,0.5,約定時刻(JST),22時台,5,5,1.0000,0,5,0,0.0000,1.995,-1.000,-1.017,-370.900,-376.900,-74.180,-75.380,-119473.807,5,0,0,0,0
a_reject,A,0.5,約定時刻(JST),23時台,4,4,1.0000,1,3,0,0.2500,2.426,-0.363,-0.377,-99.900,-104.700,-24.975,-26.175,-41131.956,2,0,0,0,0
a_reject,A,1.0,全体,全体,74,29,0.3919,12,15,2,0.4138,2.316,0.437,0.372,1261.100,1221.100,43.486,42.107,67636.725,7,0,0,2,37
a_reject,A,1.0,銘柄,AUDUSD,6,1,0.1667,1,0,0,1.0000,2.571,3.725,3.615,40.600,39.400,40.600,39.400,62664.124,0,0,0,0,5
a_reject,A,1.0,銘柄,EURJPY,12,5,0.4167,0,3,2,0.0000,2.342,-0.328,-0.422,-29.100,-37.100,-5.820,-7.420,-7420.000,2,0,0,0,7
a_reject,A,1.0,銘柄,EURUSD,7,4,0.5714,2,2,0,0.5000,2.343,0.609,0.507,32.600,27.800,8.150,6.950,11638.721,2,0,0,0,3
a_reject,A,1.0,銘柄,GBPUSD,7,1,0.1429,0,1,0,0.0000,2.163,-1.000,-1.083,-14.500,-15.700,-14.500,-15.700,-23993.525,1,0,0,0,5
a_reject,A,1.0,銘柄,USDCAD,4,1,0.2500,1,0,0,1.0000,2.712,2.795,2.652,31.300,29.700,31.300,29.700,33901.834,0,0,0,0,2
a_reject,A,1.0,銘柄,USDCHF,5,1,0.2000,0,1,0,0.0000,2.422,-1.000,-1.140,-11.400,-13.000,-11.400,-13.000,-25888.404,1,0,0,0,4
a_reject,A,1.0,銘柄,USDJPY,12,6,0.5000,2,4,0,0.3333,2.382,-0.003,-0.080,30.900,21.300,5.150,3.550,3550.000,4,0,0,1,3
a_reject,A,1.0,銘柄,XAUUSD,21,10,0.4762,6,4,0,0.6000,2.131,0.737,0.730,1180.700,1168.700,118.070,116.870,188402.612,1,0,0,1,8
a_reject,A,1.0,設計の回,設計①,42,10,0.2381,6,4,0,0.6000,2.343,0.740,0.705,908.100,895.300,90.810,89.530,139369.434,1,0,0,1,31
a_reject,A,1.0,設計の回,設計②,18,12,0.6667,3,8,1,0.2500,2.106,-0.026,-0.100,-64.300,-81.500,-5.358,-6.792,-8131.438,4,0,0,0,6
a_reject,A,1.0,設計の回,設計③,14,7,0.5000,3,3,1,0.4286,2.503,0.797,0.705,417.300,407.300,59.614,58.186,95049.707,3,0,0,1,0
a_reject,A,1.0,設計日の曜日,月,6,4,0.6667,2,1,1,0.5000,2.342,1.202,1.125,340.800,335.200,85.200,83.800,136009.913,1,0,0,0,1
a_reject,A,1.0,設計日の曜日,火,12,5,0.4167,2,3,0,0.4000,2.181,0.069,0.034,325.400,318.600,65.080,63.720,103654.398,2,0,0,0,5
a_reject,A,1.0,設計日の曜日,水,13,7,0.5385,2,5,0,0.2857,2.237,0.109,0.032,87.200,77.600,12.457,11.086,22558.807,5,0,0,1,5
a_reject,A,1.0,設計日の曜日,木,30,7,0.2333,3,4,0,0.4286,2.407,0.304,0.237,285.600,276.000,40.800,39.429,63536.372,3,0,0,1,20
a_reject,A,1.0,設計日の曜日,金,13,6,0.4615,3,2,1,0.5000,2.295,0.770,0.704,222.100,213.700,37.017,35.617,49414.523,2,0,0,0,6
a_reject,A,1.0,ボラ状態,平常,42,17,0.4048,5,10,2,0.2941,2.359,0.151,0.064,-95.200,-120.400,-5.600,-7.082,-11325.495,5,0,0,1,22
a_reject,A,1.0,ボラ状態,注意,22,10,0.4545,6,4,0,0.6000,2.241,0.943,0.903,1232.500,1220.100,123.250,122.010,196625.113,2,0,0,1,9
a_reject,A,1.0,ボラ状態,高ボラ,8,2,0.2500,1,1,0,0.5000,2.225,0.333,0.327,123.800,121.400,61.900,60.700,93873.659,1,0,0,0,5
a_reject,A,1.0,ボラ状態,異常,2,0,0.0000,0,0,0,,2.588,,,0,0,,,,0,0,0,0,1
a_reject,A,1.0,売買（参考）,売り,19,7,0.3684,5,2,0,0.7143,2.331,1.240,1.194,912.600,904.200,130.371,129.171,209468.796,1,0,0,1,10
a_reject,A,1.0,売買（参考）,買い,55,22,0.4000,7,13,2,0.3182,2.311,0.181,0.110,348.500,316.900,15.841,14.405,22508.339,6,0,0,1,27
a_reject,A,1.0,約定時刻(JST),07時台,3,3,1.0000,1,2,0,0.3333,1.916,0.044,-0.015,-140.600,-144.200,-46.867,-48.067,-76169.875,1,0,0,0,0
a_reject,A,1.0,約定時刻(JST),08時台,2,2,1.0000,1,1,0,0.5000,1.982,0.340,0.294,164.200,161.400,82.100,80.700,133839.046,1,0,0,0,0
a_reject,A,1.0,約定時刻(JST),10時台,1,1,1.0000,0,1,0,0.0000,2.484,-1.000,-1.006,-196.300,-197.500,-196.300,-197.500,-297077.525,1,0,0,0,0
a_reject,A,1.0,約定時刻(JST),11時台,1,1,1.0000,1,0,0,1.0000,2.103,2.103,2.048,61.000,59.400,61.000,59.400,59400.000,0,0,0,0,0
a_reject,A,1.0,約定時刻(JST),12時台,1,1,1.0000,1,0,0,1.0000,2.041,2.041,2.033,324.500,323.300,324.500,323.300,524130.727,0,0,0,0,0
a_reject,A,1.0,約定時刻(JST),13時台,2,2,1.0000,2,0,0,1.0000,1.721,1.721,1.715,695.300,692.900,347.650,346.450,534036.334,0,0,0,0,0
a_reject,A,1.0,約定時刻(JST),16時台,8,8,1.0000,3,5,0,0.3750,2.264,0.187,0.099,302.700,290.700,37.838,36.338,60831.406,4,0,0,0,0
a_reject,A,1.0,約定時刻(JST),17時台,3,3,1.0000,0,2,1,0.0000,1.998,-0.269,-0.331,-148.100,-152.100,-49.367,-50.700,-80586.502,2,0,0,0,0
a_reject,A,1.0,約定時刻(JST),19時台,1,1,1.0000,0,1,0,0.0000,2.271,-1,-1.005,-218.900,-220.100,-218.900,-220.100,-342468.997,1,0,0,0,0
a_reject,A,1.0,約定時刻(JST),21時台,2,2,1.0000,1,1,0,0.5000,2.451,0.444,0.405,367.900,365.100,183.950,182.550,300910.410,1,0,0,0,0
a_reject,A,1.0,約定時刻(JST),22時台,4,4,1.0000,2,1,1,0.5000,2.738,1.422,1.306,64.900,59.300,16.225,14.825,20156.781,1,0,0,0,0
a_reject,A,1.0,約定時刻(JST),23時台,1,1,1.0000,0,1,0,0.0000,2.194,-1.000,-1.103,-15.500,-17.100,-15.500,-17.100,-17100.000,1,0,0,0,0
a_reject,B,0.5,全体,全体,29,17,0.5862,1,14,2,0.0588,2.911,-0.575,-0.659,-371.700,-396.100,-21.865,-23.300,-35111.546,10,1,0,0,10
a_reject,B,0.5,銘柄,EURJPY,9,5,0.5556,0,5,0,0.0000,3.490,-1.000,-1.138,-58.200,-66.200,-11.640,-13.240,-13240.000,5,0,0,0,4
a_reject,B,0.5,銘柄,USDJPY,6,5,0.8333,1,3,1,0.2000,2.740,-0.075,-0.202,1.400,-6.600,0.280,-1.320,-1320.000,2,1,0,0,1
a_reject,B,0.5,銘柄,XAUUSD,14,7,0.5000,0,6,1,0.0000,2.613,-0.630,-0.644,-314.900,-323.300,-44.986,-46.186,-74870.899,6,0,0,0,5
a_reject,B,0.5,設計の回,設計③,4,2,0.5000,0,2,0,0.0000,2.948,-1.000,-1.078,-84.100,-86.900,-42.050,-43.450,-63625.439,2,0,0,0,0
a_reject,B,0.5,設計の回,状態更新（型B追加）,25,15,0.6000,1,12,2,0.0667,2.905,-0.519,-0.603,-287.600,-309.200,-19.173,-20.613,-31309.694,9,1,0,0,10
a_reject,B,0.5,設計日の曜日,月,6,4,0.6667,1,2,1,0.2500,2.536,0.156,0.090,-125.400,-131.000,-31.350,-32.750,-57243.714,2,0,0,0,2
a_reject,B,0.5,設計日の曜日,火,6,4,0.6667,0,4,0,0.0000,2.995,-1.000,-1.071,-163.300,-168.900,-40.825,-42.225,-62992.979,4,0,0,0,2
a_reject,B,0.5,設計日の曜日,水,7,3,0.4286,0,3,0,0.0000,2.218,-1.000,-1.096,-209.500,-213.900,-69.833,-71.300,-107219.907,3,0,0,0,2
a_reject,B,0.5,設計日の曜日,木,8,5,0.6250,0,4,1,0.0000,3.850,-0.482,-0.573,139.200,132.000,27.840,26.400,44002.040,4,1,0,0,3
a_reject,B,0.5,設計日の曜日,金,2,1,0.5000,0,1,0,0.0000,2.456,-1.000,-1.126,-12.700,-14.300,-12.700,-14.300,-14300.000,1,0,0,0,1
a_reject,B,0.5,ボラ状態,平常,14,10,0.7143,1,8,1,0.1000,2.811,-0.537,-0.670,-56.800,-72.800,-5.680,-7.280,-7280.000,5,1,0,0,4
a_reject,B,0.5,ボラ状態,注意,8,4,0.5000,0,4,0,0.0000,2.417,-1.000,-1.017,-300.600,-305.400,-75.150,-76.350,-121611.693,4,0,0,0,3
a_reject,B,0.5,ボラ状態,高ボラ,5,2,0.4000,0,2,0,0.0000,3.829,-1.000,-1.011,-259.500,-261.900,-129.750,-130.950,-205005.299,2,0,0,0,3
a_reject,B,0.5,ボラ状態,異常,2,1,0.5000,0,0,1,0.0000,3.293,1.592,1.584,245.200,244.000,245.200,244.000,372361.080,0,0,0,0,0
a_reject,B,0.5,売買（参考）,売り,6,2,0.3333,0,2,0,0.0000,2.638,-1.000,-1.013,-179.300,-181.700,-89.650,-90.850,-146983.928,2,0,0,0,3
a_reject,B,0.5,売買（参考）,買い,23,15,0.6522,1,12,2,0.0667,2.982,-0.519,-0.612,-192.400,-214.400,-12.827,-14.293,-20195.229,8,1,0,0,7
a_reject,B,0.5,約定時刻(JST),17時台,1,1,1.0000,0,1,0,0.0000,3.407,-1.000,-1.136,-11.800,-13.400,-11.800,-13.400,-13400.000,1,0,0,0,0
a_reject,B,0.5,約定時刻(JST),18時台,4,4,1.0000,0,4,0,0.0000,2.514,-1.000,-1.103,-122.500,-128.500,-30.625,-32.125,-45477.854,4,0,0,0,0
a_reject,B,0.5,約定時刻(JST),19時台,3,3,1.0000,0,1,2,0.0000,3.125,0.438,0.342,243.000,238.600,81.000,79.533,122320.360,1,0,0,0,0
a_reject,B,0.5,約定時刻(JST),20時台,3,3,1.0000,1,2,0,0.3333,2.192,-0.032,-0.113,-77.100,-81.500,-25.700,-27.167,-46785.480,2,0,0,0,0
a_reject,B,0.5,約定時刻(JST),21時台,5,5,1.0000,0,5,0,0.0000,2.533,-1.000,-1.066,-330.600,-337.400,-66.120,-67.480,-102787.727,5,1,0,0,0
a_reject,B,0.5,約定時刻(JST),23時台,1,1,1.0000,0,1,0,0.0000,2.666,-1.000,-1.017,-72.700,-73.900,-72.700,-73.900,-114250.878,1,0,0,0,0
a_reject,B,1.0,全体,全体,27,16,0.5926,4,9,3,0.2500,2.350,0.076,-0.018,222.900,199.300,13.931,12.456,20994.028,4,0,0,0,11
a_reject,B,1.0,銘柄,AUDUSD,2,1,0.5000,0,1,0,0.0000,2.042,-1.000,-1.102,-11.800,-13.000,-11.800,-13.000,-20348.250,1,0,0,0,1
a_reject,B,1.0,銘柄,EURJPY,8,4,0.5000,1,2,1,0.2500,2.605,0.115,0.028,8.400,2.000,2.100,0.500,500.000,1,0,0,0,4
a_reject,B,1.0,銘柄,EURUSD,2,1,0.5000,1,0,0,1.0000,2.347,1.818,1.709,20.000,18.800,20.000,18.800,30409.188,0,0,0,0,1
a_reject,B,1.0,銘柄,GBPUSD,4,2,0.5000,1,1,0,0.5000,2.384,0.509,0.416,7.100,4.700,3.550,2.350,3907.397,1,0,0,0,2
a_reject,B,1.0,銘柄,USDCAD,3,3,1.0000,1,2,0,0.3333,2.376,0.250,0.104,9.200,4.400,3.067,1.467,1755.881,1,0,0,0,0
a_reject,B,1.0,銘柄,USDJPY,6,4,0.6667,0,3,1,0.0000,2.189,-0.658,-0.735,-55.200,-61.600,-13.800,-15.400,-15400.000,3,0,0,0,2
a_reject,B,1.0,銘柄,XAUUSD,2,1,0.5000,0,0,1,0.0000,2.010,0.796,0.792,245.200,244.000,245.200,244.000,372361.080,0,0,0,0,1
a_reject,B,1.0,設計の回,設計③,2,2,1.0000,1,0,1,0.5000,2.337,1.730,1.623,46.700,43.500,23.350,21.750,23815.548,0,0,0,0,0
a_reject,B,1.0,設計の回,状態更新（型B追加）,25,14,0.5600,3,9,2,0.2143,2.350,-0.161,-0.252,176.200,155.800,12.586,11.129,20590.954,7,0,0,0,11
a_reject,B,1.0,設計日の曜日,月,4,3,0.7500,1,1,1,0.3333,2.071,0.395,0.302,16.800,12.800,5.600,4.267,5686.979,1,0,0,0,1
a_reject,B,1.0,設計日の曜日,火,5,3,0.6000,0,2,1,0.0000,2.304,-0.430,-0.522,-24.000,-28.800,-8.000,-9.600,-10041.571,1,0,0,0,2
a_reject,B,1.0,設計日の曜日,水,2,1,0.5000,1,0,0,1.0000,1.976,2.018,1.910,22.400,21.200,22.400,21.200,33519.320,0,0,0,0,1
a_reject,B,1.0,設計日の曜日,木,12,6,0.5000,1,4,1,0.1667,2.437,-0.242,-0.320,203.200,194.000,33.867,32.333,53726.847,4,0,0,0,6
a_reject,B,1.0,設計日の曜日,金,4,3,0.7500,1,2,0,0.3333,2.610,0.250,0.128,4.500,0.100,1.500,0.033,-2304.056,2,0,0,0,1
a_reject,B,1.0,ボラ状態,平常,20,12,0.6000,4,6,2,0.3333,2.172,0.285,0.187,15.800,-2.600,1.317,-0.217,2011.241,2,0,0,0,8
a_reject,B,1.0,ボラ状態,注意,4,2,0.5000,0,2,0,0.0000,2.765,-1.000,-1.112,-26.300,-29.100,-13.150,-14.550,-20121.633,2,0,0,0,2
a_reject,B,1.0,ボラ状態,高ボラ,2,1,0.5000,0,1,0,0.0000,3.573,-1.000,-1.102,-11.800,-13.000,-11.800,-13.000,-20348.250,1,0,0,0,1
a_reject,B,1.0,ボラ状態,異常,1,1,1.0000,0,0,1,0.0000,1.789,0.796,0.792,245.200,244.000,245.200,244.000,372361.080,0,0,0,0,0
a_reject,B,1.0,売買（参考）,売り,6,3,0.5000,2,1,0,0.6667,2.172,0.945,0.825,31.400,27.400,10.467,9.133,16463.256,1,0,0,0,3
a_reject,B,1.0,売買（参考）,買い,21,13,0.6190,2,8,3,0.1538,2.400,-0.125,-0.212,191.500,171.900,14.731,13.223,22039.591,3,0,0,0,8
a_reject,B,1.0,約定時刻(JST),17時台,4,4,1.0000,0,4,0,0.0000,2.168,-1.000,-1.091,-64.200,-69.800,-16.050,-17.450,-21588.194,4,0,0,0,0
a_reject,B,1.0,約定時刻(JST),18時台,4,4,1.0000,3,1,0,0.7500,1.949,1.147,1.055,42.700,37.100,10.675,9.275,15257.127,1,0,0,0,0
a_reject,B,1.0,約定時刻(JST),19時台,3,3,1.0000,0,1,2,0.0000,1.793,0.055,-0.020,243.200,238.800,81.067,79.600,121945.455,1,0,0,0,0
a_reject,B,1.0,約定時刻(JST),20時台,1,1,1.0000,0,1,0,0.0000,3.139,-1.000,-1.089,-18.000,-19.600,-18.000,-19.600,-19600.000,1,0,0,0,0
a_reject,B,1.0,約定時刻(JST),21時台,2,2,1.0000,0,1,1,0.0000,1.962,-0.145,-0.229,-0.600,-3.800,-0.300,-1.900,-1900.000,1,0,0,0,0
a_reject,B,1.0,約定時刻(JST),22時台,1,1,1.0000,1,0,0,1.0000,2.750,2.750,2.607,30.800,29.200,30.800,29.200,33331.096,0,0,0,0,0
a_reject,B,1.0,約定時刻(JST),23時台,1,1,1.0000,0,1,0,0.0000,2.500,-1.000,-1.145,-11.000,-12.600,-11.000,-12.600,-14538.740,1,0,0,0,0
b_widen,A,0.5,全体,全体,188,101,0.5372,30,67,4,0.2970,2.804,0.108,0.035,558.200,424.200,5.527,4.200,7253.207,7,1,0,7,70
b_widen,A,0.5,銘柄,AUDUSD,15,7,0.4667,5,1,1,0.7143,2.539,1.701,1.585,123.500,115.100,17.643,16.443,25967.972,1,0,0,0,7
b_widen,A,0.5,銘柄,EURJPY,29,17,0.5862,3,12,2,0.1765,3.099,-0.191,-0.345,-29.700,-56.900,-1.747,-3.347,-3347.059,8,0,0,0,11
b_widen,A,0.5,銘柄,EURUSD,12,8,0.6667,2,6,0,0.2500,2.738,-0.062,-0.180,-5.600,-15.200,-0.700,-1.900,-2760.981,3,0,0,0,4
b_widen,A,0.5,銘柄,GBPUSD,11,1,0.0909,0,1,0,0.0000,3.026,-1.000,-1.120,-10.000,-11.200,-10.000,-11.200,-17116.400,1,0,0,1,8
b_widen,A,0.5,銘柄,USDCAD,4,1,0.2500,1,0,0,1.0000,3.691,3.069,2.912,31.300,29.700,31.300,29.700,33901.834,0,0,0,0,2
b_widen,A,0.5,銘柄,USDCHF,11,5,0.4545,1,3,1,0.2000,2.633,0.088,-0.069,3.800,-4.200,0.760,-0.840,-1151.880,2,0,0,2,4
b_widen,A,0.5,銘柄,USDJPY,22,9,0.4091,2,7,0,0.2222,3.226,-0.151,-0.294,-13.700,-28.100,-1.522,-3.122,-3122.222,4,1,0,1,9
b_widen,A,0.5,銘柄,XAUUSD,84,53,0.6310,16,37,0,0.3019,2.599,0.031,0.017,458.600,395.000,8.653,7.453,12204.904,6,0,0,3,25
b_widen,A,0.5,設計の回,設計①,92,41,0.4457,17,24,0,0.4146,3.016,0.415,0.355,1362.800,1309.600,33.239,31.941,51280.413,5,1,0,2,49
b_widen,A,0.5,設計の回,設計②,55,34,0.6182,8,24,2,0.2353,2.529,-0.021,-0.108,-182.900,-229.300,-5.379,-6.744,-10268.159,4,0,0,0,21
b_widen,A,0.5,設計の回,設計③,41,26,0.6341,5,19,2,0.1923,2.698,-0.205,-0.284,-621.700,-656.100,-23.912,-25.235,-39261.754,6,0,0,5,0
b_widen,A,0.5,設計日の曜日,月,17,10,0.5882,2,7,1,0.2000,2.862,0.188,0.110,-32.200,-45.400,-3.220,-4.540,-5022.881,3,0,0,2,4
b_widen,A,0.5,設計日の曜日,火,33,19,0.5758,5,14,0,0.2632,2.685,-0.184,-0.225,14.100,-9.900,0.742,-0.521,666.804,5,0,0,0,9
b_widen,A,0.5,設計日の曜日,水,36,24,0.6667,6,15,3,0.2500,2.637,0.194,0.105,646.100,613.300,26.921,25.554,41198.615,5,0,0,1,11
b_widen,A,0.5,設計日の曜日,木,64,29,0.4531,11,18,0,0.3793,2.941,0.169,0.094,76.000,37.200,2.621,1.283,2871.816,5,1,0,1,31
b_widen,A,0.5,設計日の曜日,金,38,19,0.5000,6,13,0,0.3158,2.809,0.158,0.074,-145.800,-171.000,-7.674,-9.000,-15890.315,5,0,0,3,15
b_widen,A,0.5,ボラ状態,平常,95,51,0.5368,13,36,2,0.2549,2.876,-0.057,-0.171,-266.200,-339.400,-5.220,-6.655,-9796.717,11,1,0,2,37
b_widen,A,0.5,ボラ状態,注意,52,24,0.4615,7,15,2,0.2917,2.795,0.374,0.326,91.000,61.400,3.792,2.558,4339.310,5,0,0,3,22
b_widen,A,0.5,ボラ状態,高ボラ,28,17,0.6071,7,10,0,0.4118,2.707,0.329,0.304,590.400,570.000,34.729,33.529,53081.103,6,0,0,2,8
b_widen,A,0.5,ボラ状態,異常,13,9,0.6923,3,6,0,0.3333,2.522,-0.078,-0.087,143.000,132.200,15.889,14.689,25076.031,4,0,0,0,3
b_widen,A,0.5,売買（参考）,売り,55,30,0.5455,8,21,1,0.2667,2.732,0.072,0.028,-182.800,-219.200,-6.093,-7.307,-11084.123,6,0,0,5,18
b_widen,A,0.5,売買（参考）,買い,133,71,0.5338,22,46,3,0.3099,2.834,0.124,0.038,741.000,643.400,10.437,9.062,15001.375,8,1,0,2,52
b_widen,A,0.5,約定時刻(JST),07時台,11,11,1.0000,5,6,0,0.4545,2.457,0.528,0.464,509.800,495.800,46.345,45.073,71416.822,2,0,0,0,0
b_widen,A,0.5,約定時刻(JST),08時台,11,11,1.0000,4,7,0,0.3636,2.527,0.119,0.045,340.000,325.200,30.909,29.564,46924.015,3,0,0,0,0
b_widen,A,0.5,約定時刻(JST),10時台,8,8,1.0000,2,6,0,0.2500,2.395,-0.230,-0.269,-359.900,-369.900,-44.988,-46.238,-69337.624,3,0,0,0,0
b_widen,A,0.5,約定時刻(JST),11時台,2,2,1.0000,0,2,0,0.0000,2.880,-1.000,-1.062,-99.300,-102.100,-49.650,-51.050,-76422.150,2,1,0,0,0
b_widen,A,0.5,約定時刻(JST),12時台,4,4,1.0000,3,1,0,0.7500,2.456,1.647,1.562,463.200,457.600,115.800,114.400,181829.322,1,0,0,0,0
b_widen,A,0.5,約定時刻(JST),13時台,2,2,1.0000,2,0,0,1.0000,3.432,3.432,3.421,695.300,692.900,347.650,346.450,534036.334,0,0,0,0,0
b_widen,A,0.5,約定時刻(JST),14時台,3,3,1.0000,1,2,0,0.3333,1.909,0.095,0.046,-186.300,-189.900,-62.100,-63.300,-95698.983,2,0,0,0,0
b_widen,A,0.5,約定時刻(JST),16時台,24,24,1.0000,6,18,0,0.2500,2.604,-0.069,-0.160,5.900,-27.300,0.246,-1.138,-950.633,7,0,0,0,0
b_widen,A,0.5,約定時刻(JST),17時台,7,7,1.0000,2,4,1,0.2857,2.604,0.322,0.233,4.100,-5.500,0.586,-0.786,-3159.357,3,0,0,0,0
b_widen,A,0.5,約定時刻(JST),18時台,1,1,1.0000,0,1,0,0.0000,2.064,-1.000,-1.013,-90.400,-91.600,-90.400,-91.600,-141172.088,1,0,0,0,0
b_widen,A,0.5,約定時刻(JST),19時台,1,1,1.0000,0,1,0,0.0000,4.544,-1.000,-1.011,-109.400,-110.600,-109.400,-110.600,-172090.282,1,0,0,0,0
b_widen,A,0.5,約定時刻(JST),20時台,1,1,1.0000,0,0,1,0.0000,1.871,0.683,0.564,6.900,5.700,6.900,5.700,9075.654,0,0,0,0,0
b_widen,A,0.5,約定時刻(JST),21時台,11,11,1.0000,2,8,1,0.1818,2.555,-0.389,-0.483,-206.700,-221.500,-18.791,-20.136,-30910.581,4,0,0,0,0
b_widen,A,0.5,約定時刻(JST),22時台,9,9,1.0000,2,7,0,0.2222,2.540,-0.003,-0.073,-319.300,-330.900,-35.478,-36.767,-58893.546,3,0,0,0,0
b_widen,A,0.5,約定時刻(JST),23時台,6,6,1.0000,1,4,1,0.1667,2.642,-0.172,-0.235,-95.700,-103.700,-15.950,-17.283,-25124.551,2,0,0,0,0
b_widen,A,1.0,全体,全体,81,32,0.3951,12,18,2,0.3750,2.299,0.302,0.231,1230.100,1186.100,38.441,37.066,59420.919,7,0,0,3,39
b_widen,A,1.0,銘柄,AUDUSD,8,1,0.1250,1,0,0,1.0000,2.439,3.725,3.615,40.600,39.400,40.600,39.400,62664.124,0,0,0,0,6
b_widen,A,1.0,銘柄,EURJPY,12,5,0.4167,0,3,2,0.0000,2.342,-0.328,-0.422,-29.100,-37.100,-5.820,-7.420,-7420.000,2,0,0,0,7
b_widen,A,1.0,銘柄,EURUSD,9,6,0.6667,2,4,0,0.3333,2.316,0.072,-0.034,11.800,4.600,1.967,0.767,1520.281,3,0,0,0,3
b_widen,A,1.0,銘柄,GBPUSD,7,1,0.1429,0,1,0,0.0000,2.163,-1.000,-1.083,-14.500,-15.700,-14.500,-15.700,-23993.525,1,0,0,0,5
b_widen,A,1.0,銘柄,USDCAD,4,1,0.2500,1,0,0,1.0000,2.712,2.795,2.652,31.300,29.700,31.300,29.700,33901.834,0,0,0,0,2
b_widen,A,1.0,銘柄,USDCHF,7,2,0.2857,0,2,0,0.0000,2.362,-1.000,-1.149,-21.600,-24.800,-10.800,-12.400,-24225.407,2,0,0,1,4
b_widen,A,1.0,銘柄,USDJPY,13,6,0.4615,2,4,0,0.3333,2.347,-0.003,-0.080,30.900,21.300,5.150,3.550,3550.000,4,0,0,1,4
b_widen,A,1.0,銘柄,XAUUSD,21,10,0.4762,6,4,0,0.6000,2.131,0.737,0.730,1180.700,1168.700,118.070,116.870,188402.612,1,0,0,1,8
b_widen,A,1.0,設計の回,設計①,42,10,0.2381,6,4,0,0.6000,2.343,0.740,0.705,908.100,895.300,90.810,89.530,139369.434,1,0,0,1,31
b_widen,A,1.0,設計の回,設計②,21,13,0.6190,3,9,1,0.2308,2.110,-0.101,-0.179,-74.700,-93.100,-5.746,-7.162,-8924.970,5,0,0,0,8
b_widen,A,1.0,設計の回,設計③,18,9,0.5000,3,5,1,0.3333,2.418,0.397,0.295,396.700,383.900,44.078,42.656,69311.078,3,0,0,2,0
b_widen,A,1.0,設計日の曜日,月,6,4,0.6667,2,1,1,0.5000,2.342,1.202,1.125,340.800,335.200,85.200,83.800,136009.913,1,0,0,0,1
b_widen,A,1.0,設計日の曜日,火,14,6,0.4286,2,4,0,0.3333,2.166,-0.109,-0.158,315.000,307.000,52.500,51.167,83304.104,3,0,0,0,5
b_widen,A,1.0,設計日の曜日,水,14,8,0.5714,2,6,0,0.2500,2.233,-0.029,-0.112,76.800,66.000,9.600,8.250,17365.726,5,0,0,1,5
b_widen,A,1.0,設計日の曜日,木,32,7,0.2188,3,4,0,0.4286,2.386,0.304,0.237,285.600,276.000,40.800,39.429,63536.372,3,0,0,1,22
b_widen,A,1.0,設計日の曜日,金,15,7,0.4667,3,3,1,0.4286,2.284,0.517,0.438,211.900,201.900,30.271,28.843,39132.104,2,0,0,1,6
b_widen,A,1.0,ボラ状態,平常,47,20,0.4255,5,13,2,0.2500,2.342,-0.021,-0.115,-126.200,-155.400,-6.310,-7.770,-12626.452,6,0,0,1,24
b_widen,A,1.0,ボラ状態,注意,24,10,0.4167,6,4,0,0.6000,2.217,0.943,0.903,1232.500,1220.100,123.250,122.010,196625.113,2,0,0,2,9
b_widen,A,1.0,ボラ状態,高ボラ,8,2,0.2500,1,1,0,0.5000,2.225,0.333,0.327,123.800,121.400,61.900,60.700,93873.659,1,0,0,0,5
b_widen,A,1.0,ボラ状態,異常,2,0,0.0000,0,0,0,,2.588,,,0,0,,,,0,0,0,0,1
b_widen,A,1.0,売買（参考）,売り,22,9,0.4091,5,4,0,0.5556,2.308,0.742,0.681,891.800,881.000,99.089,97.889,158760.931,2,0,0,2,10
b_widen,A,1.0,売買（参考）,買い,59,23,0.3898,7,14,2,0.3043,2.296,0.130,0.055,338.300,305.100,14.709,13.265,20548.741,6,0,0,1,29
b_widen,A,1.0,約定時刻(JST),07時台,3,3,1.0000,1,2,0,0.3333,1.916,0.044,-0.015,-140.600,-144.200,-46.867,-48.067,-76169.875,1,0,0,0,0
b_widen,A,1.0,約定時刻(JST),08時台,2,2,1.0000,1,1,0,0.5000,1.982,0.340,0.294,164.200,161.400,82.100,80.700,133839.046,1,0,0,0,0
b_widen,A,1.0,約定時刻(JST),10時台,1,1,1.0000,0,1,0,0.0000,2.484,-1.000,-1.006,-196.300,-197.500,-196.300,-197.500,-297077.525,1,0,0,0,0
b_widen,A,1.0,約定時刻(JST),11時台,1,1,1.0000,1,0,0,1.0000,2.103,2.103,2.048,61.000,59.400,61.000,59.400,59400.000,0,0,0,0,0
b_widen,A,1.0,約定時刻(JST),12時台,1,1,1.0000,1,0,0,1.0000,2.041,2.041,2.033,324.500,323.300,324.500,323.300,524130.727,0,0,0,0,0
b_widen,A,1.0,約定時刻(JST),13時台,2,2,1.0000,2,0,0,1.0000,1.721,1.721,1.715,695.300,692.900,347.650,346.450,534036.334,0,0,0,0,0
b_widen,A,1.0,約定時刻(JST),16時台,9,9,1.0000,3,6,0,0.3333,2.264,0.055,-0.036,292.300,279.100,32.478,31.011,52022.654,5,0,0,0,0
b_widen,A,1.0,約定時刻(JST),17時台,3,3,1.0000,0,2,1,0.0000,1.998,-0.269,-0.331,-148.100,-152.100,-49.367,-50.700,-80586.502,2,0,0,0,0
b_widen,A,1.0,約定時刻(JST),19時台,1,1,1.0000,0,1,0,0.0000,2.271,-1,-1.005,-218.900,-220.100,-218.900,-220.100,-342468.997,1,0,0,0,0
b_widen,A,1.0,約定時刻(JST),21時台,4,4,1.0000,1,3,0,0.2500,2.365,-0.278,-0.366,347.300,341.700,86.825,85.425,140068.144,2,0,0,0,0
b_widen,A,1.0,約定時刻(JST),22時台,4,4,1.0000,2,1,1,0.5000,2.738,1.422,1.306,64.900,59.300,16.225,14.825,20156.781,1,0,0,0,0
b_widen,A,1.0,約定時刻(JST),23時台,1,1,1.0000,0,1,0,0.0000,2.194,-1.000,-1.103,-15.500,-17.100,-15.500,-17.100,-17100.000,1,0,0,0,0
b_widen,B,0.5,全体,全体,61,35,0.5738,6,27,2,0.1714,2.874,-0.330,-0.445,-389.900,-440.700,-11.140,-12.591,-17642.373,12,1,0,0,24
b_widen,B,0.5,銘柄,AUDUSD,3,2,0.6667,1,1,0,0.5000,2.147,0.485,0.367,9.600,7.200,4.800,3.600,5788.988,1,0,0,0,1
b_widen,B,0.5,銘柄,EURJPY,17,7,0.4118,0,7,0,0.0000,3.439,-1.000,-1.143,-78.900,-90.100,-11.271,-12.871,-12871.429,7,0,0,0,10
b_widen,B,0.5,銘柄,EURUSD,3,1,0.3333,1,0,0,1.0000,2.429,2.000,1.880,20.000,18.800,20.000,18.800,30409.188,0,0,0,0,2
b_widen,B,0.5,銘柄,GBPUSD,5,3,0.6000,2,1,0,0.6667,3.037,1.082,0.965,33.200,29.600,11.067,9.867,15706.426,1,0,0,0,2
b_widen,B,0.5,銘柄,USDCAD,4,3,0.7500,1,2,0,0.3333,2.420,0.340,0.181,10.700,5.900,3.567,1.967,2328.934,1,0,0,0,1
b_widen,B,0.5,銘柄,USDCHF,1,1,1.0000,0,1,0,0.0000,2.050,-1.000,-1.160,-10.000,-11.600,-10.000,-11.600,-22179.996,1,0,0,0,0
b_widen,B,0.5,銘柄,USDJPY,14,11,0.7857,1,9,1,0.0909,2.833,-0.579,-0.723,-59.600,-77.200,-5.418,-7.018,-7018.182,8,1,0,0,3
b_widen,B,0.5,銘柄,XAUUSD,14,7,0.5000,0,6,1,0.0000,2.613,-0.630,-0.644,-314.900,-323.300,-44.986,-46.186,-74870.899,6,0,0,0,5
b_widen,B,0.5,設計の回,設計③,7,5,0.7143,2,3,0,0.4000,2.690,0.398,0.279,-43.400,-50.600,-8.680,-10.120,-17304.285,1,0,0,0,0
b_widen,B,0.5,設計の回,状態更新（型B追加）,54,30,0.5556,4,24,2,0.1333,2.898,-0.451,-0.565,-346.500,-390.100,-11.550,-13.003,-17698.721,17,1,0,0,24
b_widen,B,0.5,設計日の曜日,月,10,6,0.6000,2,3,1,0.3333,2.652,0.271,0.187,-115.700,-123.700,-19.283,-20.617,-36094.340,2,0,0,0,4
b_widen,B,0.5,設計日の曜日,火,12,6,0.5000,0,6,0,0.0000,3.011,-1.000,-1.100,-183.500,-192.300,-30.583,-32.050,-46105.223,6,0,0,0,6
b_widen,B,0.5,設計日の曜日,水,10,4,0.4000,1,3,0,0.2500,2.190,-0.196,-0.298,-187.100,-192.700,-46.775,-48.175,-72035.100,3,0,0,0,4
b_widen,B,0.5,設計日の曜日,木,19,12,0.6316,1,10,1,0.0833,3.330,-0.532,-0.658,99.100,81.100,8.258,6.758,15060.453,10,1,0,0,7
b_widen,B,0.5,設計日の曜日,金,10,7,0.7000,2,5,0,0.2857,2.751,-0.001,-0.143,-2.700,-13.100,-0.386,-1.871,-2410.099,3,0,0,0,3
b_widen,B,0.5,ボラ状態,平常,41,25,0.6098,6,18,1,0.2400,2.721,-0.166,-0.307,-44.400,-82.800,-1.776,-3.312,-1763.449,8,1,0,0,16
b_widen,B,0.5,ボラ状態,注意,12,6,0.5000,0,6,0,0.0000,2.986,-1.000,-1.057,-320.900,-328.500,-53.483,-54.750,-86291.153,6,0,0,0,5
b_widen,B,0.5,ボラ状態,高ボラ,6,3,0.5000,0,3,0,0.0000,3.558,-1.000,-1.046,-269.800,-273.400,-89.933,-91.133,-142670.324,3,0,0,0,3
b_widen,B,0.5,ボラ状態,異常,2,1,0.5000,0,0,1,0.0000,3.293,1.592,1.584,245.200,244.000,245.200,244.000,372361.080,0,0,0,0,0
b_widen,B,0.5,売買（参考）,売り,13,6,0.4615,3,3,0,0.5000,2.544,0.541,0.451,-125.800,-133.400,-20.967,-22.233,-35318.164,2,0,0,0,6
b_widen,B,0.5,売買（参考）,買い,48,29,0.6042,3,24,2,0.1034,2.964,-0.510,-0.630,-264.100,-307.300,-9.107,-10.597,-13985.312,11,1,0,0,18
b_widen,B,0.5,約定時刻(JST),17時台,7,7,1.0000,0,7,0,0.0000,2.708,-1.000,-1.142,-73.300,-83.700,-10.471,-11.957,-13982.153,7,0,0,0,0
b_widen,B,0.5,約定時刻(JST),18時台,8,8,1.0000,2,6,0,0.2500,2.399,-0.223,-0.343,-100.600,-112.200,-12.575,-14.025,-17710.363,5,0,0,0,0
b_widen,B,0.5,約定時刻(JST),19時台,3,3,1.0000,0,1,2,0.0000,3.125,0.438,0.342,243.000,238.600,81.000,79.533,122320.360,1,0,0,0,0
b_widen,B,0.5,約定時刻(JST),20時台,5,5,1.0000,2,3,0,0.4000,2.851,0.186,0.083,-66.000,-73.200,-13.200,-14.640,-24088.241,3,0,0,0,0
b_widen,B,0.5,約定時刻(JST),21時台,7,7,1.0000,0,7,0,0.0000,2.574,-1.000,-1.093,-350.600,-360.600,-50.086,-51.514,-78245.519,7,1,0,0,0
b_widen,B,0.5,約定時刻(JST),22時台,3,3,1.0000,2,1,0,0.6667,2.356,1.330,1.187,40.300,35.900,13.433,11.967,16969.816,1,0,0,0,0
b_widen,B,0.5,約定時刻(JST),23時台,2,2,1.0000,0,2,0,0.0000,2.708,-1.000,-1.088,-82.700,-85.500,-41.350,-42.750,-63817.875,2,0,0,0,0
b_widen,B,1.0,全体,全体,31,18,0.5806,5,10,3,0.2778,2.301,0.121,0.022,233.300,206.900,12.961,11.494,19103.783,4,0,0,0,13
b_widen,B,1.0,銘柄,AUDUSD,3,2,0.6667,1,1,0,0.5000,2.018,0.485,0.375,8.100,5.700,4.050,2.850,4615.051,1,0,0,0,1
b_widen,B,1.0,銘柄,EURJPY,8,4,0.5000,1,2,1,0.2500,2.605,0.115,0.028,8.400,2.000,2.100,0.500,500.000,1,0,0,0,4
b_widen,B,1.0,銘柄,EURUSD,3,1,0.3333,1,0,0,1.0000,2.177,1.818,1.709,20.000,18.800,20.000,18.800,30409.188,0,0,0,0,2
b_widen,B,1.0,銘柄,GBPUSD,4,2,0.5000,1,1,0,0.5000,2.384,0.509,0.416,7.100,4.700,3.550,2.350,3907.397,1,0,0,0,2
b_widen,B,1.0,銘柄,USDCAD,4,3,0.7500,1,2,0,0.3333,2.290,0.250,0.101,9.700,4.900,3.233,1.633,1944.312,1,0,0,0,1
b_widen,B,1.0,銘柄,USDCHF,1,1,1.0000,0,1,0,0.0000,2.050,-1.000,-1.160,-10.000,-11.600,-10.000,-11.600,-22179.996,1,0,0,0,0
b_widen,B,1.0,銘柄,USDJPY,6,4,0.6667,0,3,1,0.0000,2.189,-0.658,-0.735,-55.200,-61.600,-13.800,-15.400,-15400.000,3,0,0,0,2
b_widen,B,1.0,銘柄,XAUUSD,2,1,0.5000,0,0,1,0.0000,2.010,0.796,0.792,245.200,244.000,245.200,244.000,372361.080,0,0,0,0,1
b_widen,B,1.0,設計の回,設計③,4,4,1.0000,2,1,1,0.5000,2.174,1.108,0.984,56.600,50.600,14.150,12.650,13757.363,1,0,0,0,0
b_widen,B,1.0,設計の回,状態更新（型B追加）,27,14,0.5185,3,9,2,0.2143,2.320,-0.161,-0.253,176.700,156.300,12.621,11.164,20631.332,7,0,0,0,13
b_widen,B,1.0,設計日の曜日,月,5,3,0.6000,1,1,1,0.3333,2.045,0.395,0.302,16.800,12.800,5.600,4.267,5686.979,1,0,0,0,2
b_widen,B,1.0,設計日の曜日,火,5,3,0.6000,0,2,1,0.0000,2.322,-0.430,-0.525,-23.500,-28.300,-7.833,-9.433,-9853.140,1,0,0,0,2
b_widen,B,1.0,設計日の曜日,水,3,1,0.3333,1,0,0,1.0000,1.929,2.018,1.910,22.400,21.200,22.400,21.200,33519.320,0,0,0,0,2
b_widen,B,1.0,設計日の曜日,木,12,6,0.5000,1,4,1,0.1667,2.437,-0.242,-0.320,203.200,194.000,33.867,32.333,53726.847,4,0,0,0,6
b_widen,B,1.0,設計日の曜日,金,6,5,0.8333,2,3,0,0.4000,2.410,0.344,0.215,14.400,7.200,2.880,1.440,97.237,2,0,0,0,1
b_widen,B,1.0,ボラ状態,平常,24,14,0.5833,5,7,2,0.3571,2.139,0.313,0.209,26.200,5.000,1.871,0.357,2292.753,2,0,0,0,10
b_widen,B,1.0,ボラ状態,注意,4,2,0.5000,0,2,0,0.0000,2.765,-1.000,-1.112,-26.300,-29.100,-13.150,-14.550,-20121.633,2,0,0,0,2
b_widen,B,1.0,ボラ状態,高ボラ,2,1,0.5000,0,1,0,0.0000,3.573,-1.000,-1.102,-11.800,-13.000,-11.800,-13.000,-20348.250,1,0,0,0,1
b_widen,B,1.0,ボラ状態,異常,1,1,1.0000,0,0,1,0.0000,1.789,0.796,0.792,245.200,244.000,245.200,244.000,372361.080,0,0,0,0,0
b_widen,B,1.0,売買（参考）,売り,7,3,0.4286,2,1,0,0.6667,2.124,0.945,0.825,31.400,27.400,10.467,9.133,16463.256,1,0,0,0,4
b_widen,B,1.0,売買（参考）,買い,24,15,0.6250,3,9,3,0.2000,2.352,-0.044,-0.139,201.900,179.500,13.460,11.967,19631.889,3,0,0,0,9
b_widen,B,1.0,約定時刻(JST),17時台,5,5,1.0000,0,5,0,0.0000,2.129,-1.000,-1.105,-74.300,-81.500,-14.860,-16.300,-19862.439,5,0,0,0,0
b_widen,B,1.0,約定時刻(JST),18時台,4,4,1.0000,3,1,0,0.7500,1.949,1.147,1.055,42.700,37.100,10.675,9.275,15257.127,1,0,0,0,0
b_widen,B,1.0,約定時刻(JST),19時台,2,2,1.0000,0,0,2,0.0000,1.751,0.582,0.546,253.800,251.000,126.900,125.500,189680.540,0,0,0,0,0
b_widen,B,1.0,約定時刻(JST),20時台,1,1,1.0000,0,1,0,0.0000,3.139,-1.000,-1.089,-18.000,-19.600,-18.000,-19.600,-19600.000,1,0,0,0,0
b_widen,B,1.0,約定時刻(JST),21時台,3,3,1.0000,0,2,1,0.0000,1.991,-0.430,-0.540,-10.600,-15.400,-3.533,-5.133,-8659.999,1,0,0,0,0
b_widen,B,1.0,約定時刻(JST),22時台,2,2,1.0000,2,0,0,1.0000,2.360,2.360,2.229,50.700,47.900,25.350,23.950,31454.724,0,0,0,0,0
b_widen,B,1.0,約定時刻(JST),23時台,1,1,1.0000,0,1,0,0.0000,2.500,-1.000,-1.145,-11.000,-12.600,-11.000,-12.600,-14538.740,1,0,0,0,0
