pair,price,today_high,today_low,change_from_prev_close,adr_used_pct,adr_used,adr_remaining,price_zone,prev_high,prev_low,prev_close_ny,prev2_close_ny,pivot,r1,r2,s1,s2,adr20,adr20_pips,atr14,atr14_pips,atr_sl_1_0,atr_sl_1_5,prev_day_range_pct,dxy,dxy_change_pct,us2y,us2y_change,us10y,us10y_change,vix,vix_change_pct,daily_as_of,intraday_as_of
USDJPY,157.581,158.22,157.483,-0.512,54.3,0.737,0.619,S1_to_Pivot,158.467,157.334,158.093,157.42,157.964,158.595,159.097,157.462,156.831,1.356,136,1.266,127,1.266,1.899,83.6,101.88,-0.22,4.61,-0.275,5.237,-0.056,15.98,-2.5,2026-10-02T06:20:21+09:00,2026-10-02T17:32:58+09:00
EURUSD,1.12565,1.12685,1.12327,0.00137,68.6,0.00358,0.00164,S1_to_Pivot,1.1337,1.12159,1.12428,1.133,1.12652,1.13146,1.13863,1.11935,1.11441,0.00522,52,0.00539,54,0.00539,0.00809,232,101.88,-0.22,4.61,-0.275,5.237,-0.056,15.98,-2.5,2026-10-02T06:20:21+09:00,2026-10-02T17:32:58+09:00
GBPUSD,1.32112,1.3221,1.31824,0.00162,59.6,0.00386,0.00262,S1_to_Pivot,1.32726,1.31814,1.3195,1.32639,1.32163,1.32513,1.33075,1.31601,1.31251,0.00648,65,0.00645,65,0.00645,0.00967,140.7,101.88,-0.22,4.61,-0.275,5.237,-0.056,15.98,-2.5,2026-10-02T06:20:21+09:00,2026-10-02T17:32:58+09:00
EURJPY,177.378,177.894,177.339,-0.356,40.2,0.555,0.824,S1_to_Pivot,179.331,176.795,177.734,178.356,177.953,179.111,180.489,176.575,175.417,1.379,138,1.336,134,1.336,2.004,183.9,101.88,-0.22,4.61,-0.275,5.237,-0.056,15.98,-2.5,2026-10-02T06:20:21+09:00,2026-10-02T17:32:58+09:00
AUDUSD,0.69417,0.69459,0.69132,0.00106,75,0.00327,0.00109,Pivot_to_R1,0.69569,0.69049,0.69311,0.69449,0.6931,0.6957,0.6983,0.6905,0.6879,0.00436,44,0.00447,45,0.00447,0.00671,119.3,101.88,-0.22,4.61,-0.275,5.237,-0.056,15.98,-2.5,2026-10-02T06:20:21+09:00,2026-10-02T17:32:58+09:00
EURGBP,0.85207,0.85277,0.85148,0.00002,50.2,0.00129,0.00128,S1_to_Pivot,0.85478,0.85054,0.85205,0.85421,0.85246,0.85437,0.8567,0.85013,0.84822,0.00257,26,0.00262,26,0.00262,0.00393,165,101.88,-0.22,4.61,-0.275,5.237,-0.056,15.98,-2.5,2026-10-02T06:20:21+09:00,2026-10-02T17:32:58+09:00
USDCAD,1.42318,1.42355,1.42101,0.00095,48.2,0.00254,0.00273,S1_to_Pivot,1.42636,1.42212,1.42223,1.42327,1.42357,1.42502,1.42781,1.42078,1.41933,0.00527,53,0.00531,53,0.00531,0.00796,80.5,101.88,-0.22,4.61,-0.275,5.237,-0.056,15.98,-2.5,2026-10-02T06:20:21+09:00,2026-10-02T17:32:58+09:00
USDCHF,0.82785,0.83264,0.82668,-0.00323,120.9,0.00596,0,S1_to_Pivot,0.83836,0.82952,0.83108,0.83581,0.83299,0.83645,0.84183,0.82761,0.82415,0.00493,49,0.00507,51,0.00507,0.0076,179.3,101.88,-0.22,4.61,-0.275,5.237,-0.056,15.98,-2.5,2026-10-02T06:20:21+09:00,2026-10-02T17:32:58+09:00
NZDUSD,0.56176,0.56237,0.55866,0.00127,81.7,0.00371,0.00083,Pivot_to_R1,0.56497,0.55933,0.56049,0.56333,0.5616,0.56386,0.56724,0.55822,0.55596,0.00454,45,0.00453,45,0.00453,0.0068,124.2,101.88,-0.22,4.61,-0.275,5.237,-0.056,15.98,-2.5,2026-10-02T06:20:21+09:00,2026-10-02T17:32:58+09:00
AUDNZD,1.23567,1.23784,1.23435,-0.00106,48.9,0.00349,0.00364,Pivot_to_R1,1.23879,1.22994,1.23673,1.23287,1.23515,1.24037,1.244,1.23152,1.2263,0.00713,71,0.00708,71,0.00708,0.01062,124.1,101.88,-0.22,4.61,-0.275,5.237,-0.056,15.98,-2.5,2026-10-02T06:20:21+09:00,2026-10-02T17:32:58+09:00
XAUUSD,4185.86,4196.22,4134.45,8.41,68,61.76,29.11,Pivot_to_R1,4192.52,4139.78,4177.45,4156.46,4169.92,4200.05,4222.66,4147.31,4117.17,90.87,909,92.24,922,92.24,138.36,58,101.88,-0.22,4.61,-0.275,5.237,-0.056,15.98,-2.5,2026-10-02T06:20:21+09:00,2026-10-02T17:32:58+09:00
USOIL,89.87,92.26,89.76,-2.03,58.4,2.5,1.78,S1_to_Pivot,92.63,87.81,91.9,89.49,90.78,93.75,95.6,88.93,85.97,4.28,428,4.2,420,4.2,6.3,112.6,101.88,-0.22,4.61,-0.275,5.237,-0.056,15.98,-2.5,2026-10-02T06:20:21+09:00,2026-10-02T17:32:58+09:00
