date,pair,session_date,prev_high,prev_low,close_ny,adr20,atr14,pivot,r1,r2,s1,s2,range_pct,prev_open,weekly_open,weekly_pivot,weekly_r1,weekly_s1,weekly_base_week
2026-07-15,USDJPY,2026-07-14,162.486,161.641,162.272,0.693,0.698,162.133,162.625,162.979,161.78,161.288,121.9,,,,,,
2026-07-15,EURUSD,2026-07-14,1.1462,1.13784,1.14211,0.00465,0.00483,1.14205,1.14626,1.15041,1.1379,1.13369,179.8,,,,,,
2026-07-15,GBPUSD,2026-07-14,1.34382,1.33408,1.33916,0.00551,0.0059,1.33902,1.34396,1.34876,1.33422,1.32928,176.8,,,,,,
2026-07-15,EURJPY,2026-07-14,185.904,184.812,185.333,0.856,0.882,185.349,185.887,186.441,184.795,184.258,127.6,,,,,,
2026-07-15,AUDUSD,2026-07-14,0.6992,0.69133,0.69744,0.00342,0.00373,0.69599,0.70065,0.70386,0.69278,0.68812,230.1,,,,,,
2026-07-15,EURGBP,2026-07-14,0.85611,0.85161,0.85289,0.00277,0.00279,0.85354,0.85546,0.85804,0.85096,0.84904,162.5,,,,,,
2026-07-15,XAUUSD,2026-07-14,4099.2,3985.81,4052.83,71.08,74.91,4045.95,4106.09,4159.34,3992.69,3932.56,159.5,,,,,,
2026-07-16,USDJPY,2026-07-15,162.423,161.897,162.196,0.7,0.688,162.172,162.447,162.699,161.921,161.646,75.1,,,,,,
2026-07-16,EURUSD,2026-07-15,1.14818,1.14068,1.14633,0.00474,0.00502,1.14506,1.14945,1.15256,1.14195,1.13756,158.2,,,,,,
2026-07-16,GBPUSD,2026-07-15,1.35583,1.33784,1.35393,0.00605,0.00679,1.3492,1.36056,1.36719,1.34257,1.33121,297.4,,,,,,
2026-07-16,EURJPY,2026-07-15,186.026,185.203,185.931,0.865,0.88,185.72,186.237,186.543,185.414,184.897,95.1,,,,,,
2026-07-16,AUDUSD,2026-07-15,0.70212,0.69694,0.70069,0.00347,0.00384,0.69992,0.70289,0.7051,0.69771,0.69474,149.3,,,,,,
2026-07-16,EURGBP,2026-07-15,0.85385,0.84536,0.84671,0.00309,0.0032,0.84864,0.85192,0.85713,0.84343,0.84015,274.8,,,,,,
2026-07-16,XAUUSD,2026-07-15,4080.35,4016.65,4060.43,70.25,74.21,4052.48,4088.3,4116.17,4024.6,3988.78,90.7,,,,,,
2026-07-17,USDJPY,2026-07-16,162.548,162.005,162.379,0.711,0.677,162.311,162.616,162.854,162.073,161.768,76.4,,,,,,
2026-07-17,EURUSD,2026-07-16,1.1477,1.14313,1.14431,0.00457,0.005,1.14505,1.14696,1.14962,1.14239,1.14048,100,,,,,,
2026-07-17,GBPUSD,2026-07-16,1.3546,1.34601,1.34802,0.00622,0.00692,1.34954,1.35308,1.35813,1.34449,1.34095,138.1,,,,,,
2026-07-17,EURJPY,2026-07-16,186.027,185.716,185.807,0.825,0.84,185.85,185.984,186.161,185.673,185.539,37.7,,,,,,
2026-07-17,AUDUSD,2026-07-16,0.70123,0.69868,0.69981,0.00339,0.00374,0.69991,0.70113,0.70246,0.69858,0.69736,75.2,,,,,,
2026-07-17,EURGBP,2026-07-16,0.84936,0.84651,0.8489,0.00303,0.00318,0.84826,0.85,0.85111,0.84715,0.84541,94.1,,,,,,
2026-07-17,XAUUSD,2026-07-16,4068.68,3969,3976.78,69.67,76.2,4004.82,4040.64,4104.5,3940.96,3905.14,143.1,,,,,,
2026-07-18,USDJPY,2026-07-17,162.525,162.166,162.411,0.724,0.656,162.367,162.568,162.726,162.21,162.009,49.6,,,,,,
2026-07-18,EURUSD,2026-07-17,1.14522,1.14239,1.14377,0.00464,0.00485,1.14379,1.1452,1.14662,1.14237,1.14096,61,,,,,,
2026-07-18,GBPUSD,2026-07-17,1.34845,1.34245,1.34523,0.00647,0.00687,1.34538,1.3483,1.35138,1.3423,1.33938,92.7,,,,,,
2026-07-18,EURJPY,2026-07-17,185.961,185.476,185.761,0.834,0.817,185.733,185.989,186.218,185.504,185.248,58.2,,,,,,
2026-07-18,AUDUSD,2026-07-17,0.70013,0.69665,0.69811,0.00354,0.00374,0.6983,0.69994,0.70178,0.69646,0.69482,98.3,,,,,,
2026-07-18,EURGBP,2026-07-17,0.85143,0.84841,0.85028,0.00311,0.00318,0.85004,0.85167,0.85306,0.84865,0.84702,97.1,,,,,,
2026-07-18,XAUUSD,2026-07-17,4022.85,3961.81,4016.98,72.2,75.14,4000.54,4039.28,4061.59,3978.24,3939.5,84.5,,,,,,
2026-07-21,USDJPY,2026-07-20,162.613,162.268,162.508,0.687,0.579,162.463,162.658,162.808,162.313,162.118,50.2,,,,,,
2026-07-21,EURUSD,2026-07-20,1.14496,1.14033,1.14146,0.0045,0.00452,1.14225,1.14417,1.14688,1.13954,1.13762,102.9,,,,,,
2026-07-21,GBPUSD,2026-07-20,1.34804,1.34153,1.34313,0.00616,0.00619,1.34423,1.34694,1.35074,1.34043,1.33772,105.7,,,,,,
2026-07-21,EURJPY,2026-07-20,185.892,185.373,185.496,0.772,0.755,185.587,185.8,186.105,185.282,185.068,67.2,,,,,,
2026-07-21,AUDUSD,2026-07-20,0.70149,0.69643,0.69992,0.00337,0.00352,0.69928,0.70213,0.70434,0.69707,0.69422,150.1,,,,,,
2026-07-21,EURGBP,2026-07-20,0.85109,0.84826,0.84987,0.00313,0.003,0.84974,0.85122,0.85257,0.84839,0.84691,90.4,,,,,,
2026-07-21,XAUUSD,2026-07-20,4039.42,3983.43,4008.3,65.24,65.58,4010.39,4037.34,4066.38,3981.35,3954.39,85.8,,,,,,
2026-07-22,USDJPY,2026-07-21,163.246,162.453,163.209,0.699,0.595,162.969,163.485,163.762,162.692,162.176,113.4,,,,,,
2026-07-22,EURUSD,2026-07-21,1.1429,1.13976,1.13979,0.00433,0.00442,1.14082,1.14187,1.14396,1.13873,1.13768,72.5,,,,,,
2026-07-22,GBPUSD,2026-07-21,1.34562,1.336,1.3374,0.00627,0.00644,1.33967,1.34335,1.34929,1.33373,1.33005,153.4,,,,,,
2026-07-22,EURJPY,2026-07-21,186.129,185.409,186.024,0.762,0.752,185.854,186.299,186.574,185.578,185.133,94.5,,,,,,
2026-07-22,AUDUSD,2026-07-21,0.70268,0.69935,0.69981,0.00334,0.00349,0.70061,0.70188,0.70394,0.69855,0.69728,99.7,,,,,,
2026-07-22,EURGBP,2026-07-21,0.85389,0.84905,0.85227,0.0031,0.00314,0.85174,0.85442,0.85658,0.84958,0.8469,156.1,,,,,,
2026-07-22,USDCAD,2026-07-21,1.41114,1.40548,1.41111,0.00462,0.00479,1.40924,1.41301,1.4149,1.40735,1.40358,122.5,,,,,,
2026-07-22,XAUUSD,2026-07-21,4086.91,3999.74,4077.83,61.79,67.17,4054.83,4109.91,4142,4022.74,3967.65,141.1,,,,,,
2026-07-23,USDJPY,2026-07-22,163.313,162.837,163.161,0.688,0.637,163.104,163.37,163.579,162.895,162.629,69.2,,,,,,
2026-07-23,EURUSD,2026-07-22,1.14218,1.1398,1.14128,0.00521,0.00517,1.14109,1.14237,1.14347,1.13999,1.13871,45.7,,,,,,
2026-07-23,GBPUSD,2026-07-22,1.33949,1.33553,1.33761,0.0075,0.0077,1.33754,1.33956,1.3415,1.3356,1.33358,52.8,,,,,,
2026-07-23,EURJPY,2026-07-22,186.245,185.826,186.215,0.813,0.78,186.096,186.365,186.514,185.946,185.677,51.5,,,,,,
2026-07-23,AUDUSD,2026-07-22,0.70129,0.69813,0.69978,0.00414,0.00434,0.69973,0.70134,0.70289,0.69818,0.69657,76.3,,,,,,
2026-07-23,EURGBP,2026-07-22,0.85419,0.85169,0.85322,0.00344,0.00338,0.85303,0.85438,0.85553,0.85188,0.85053,72.7,,,,,,
2026-07-23,USDCAD,2026-07-22,1.41118,1.40771,1.40882,0.00537,0.00544,1.40924,1.41076,1.41271,1.40729,1.40577,64.6,,,,,,
2026-07-23,XAUUSD,2026-07-22,4165.68,4075.31,4130.29,92.37,94.54,4123.76,4172.21,4214.13,4081.84,4033.39,97.8,,,,,,
2026-07-24,USDJPY,2026-07-23,163.98,163.005,163.87,0.717,0.662,163.619,164.232,164.593,163.257,162.644,136,,,,,,
2026-07-24,EURUSD,2026-07-23,1.14363,1.13645,1.13779,0.00529,0.00532,1.13929,1.14213,1.14647,1.13495,1.13211,135.7,,,,,,
2026-07-24,GBPUSD,2026-07-23,1.33937,1.33003,1.3315,0.00761,0.00783,1.33363,1.33724,1.34297,1.3279,1.32429,122.7,,,,,,
2026-07-24,EURJPY,2026-07-23,186.726,186.046,186.448,0.814,0.774,186.407,186.768,187.087,186.087,185.726,83.5,,,,,,
2026-07-24,AUDUSD,2026-07-23,0.70211,0.69623,0.69681,0.00422,0.00446,0.69838,0.70054,0.70426,0.69466,0.6925,139.3,,,,,,
2026-07-24,EURGBP,2026-07-23,0.85478,0.85275,0.85452,0.00344,0.00327,0.85402,0.85528,0.85605,0.85325,0.85199,59,,,,,,
2026-07-24,USDCAD,2026-07-23,1.41001,1.40579,1.4085,0.00523,0.00538,1.4081,1.41041,1.41232,1.40619,1.40388,80.7,,,,,,
2026-07-24,USDCHF,2026-07-23,0.81781,0.81303,0.81691,0.00499,0.00505,0.81592,0.8188,0.8207,0.81402,0.81114,95.8,,,,,,
2026-07-24,NZDUSD,2026-07-23,0.58232,0.57626,0.57712,0.00443,0.0047,0.57857,0.58087,0.58463,0.57481,0.57251,136.8,,,,,,
2026-07-24,AUDNZD,2026-07-23,1.20901,1.20126,1.20731,0.00617,0.00644,1.20586,1.21046,1.21361,1.20271,1.19811,125.6,,,,,,
2026-07-24,XAUUSD,2026-07-23,4141.06,4040.27,4049.52,93.4,95.76,4076.95,4113.63,4177.74,4012.83,3976.15,107.9,,,,,,
2026-07-25,USDJPY,2026-07-24,163.941,163.651,163.854,0.716,0.635,163.815,163.979,164.105,163.69,163.526,40.5,,,,,,
2026-07-25,EURUSD,2026-07-24,1.14,1.13654,1.13723,0.00507,0.00519,1.13792,1.13931,1.14138,1.13585,1.13446,68.2,,,,,,
2026-07-25,GBPUSD,2026-07-24,1.3349,1.33065,1.33245,0.00757,0.00757,1.33267,1.33468,1.33692,1.33043,1.32842,56.1,,,,,,
2026-07-25,EURJPY,2026-07-24,186.61,186.232,186.344,0.778,0.746,186.395,186.559,186.773,186.18,186.017,48.6,,,,,,
2026-07-25,AUDUSD,2026-07-24,0.70002,0.6965,0.69836,0.00419,0.0044,0.69829,0.70009,0.70181,0.69657,0.69477,84,,,,,,
2026-07-25,EURGBP,2026-07-24,0.85542,0.85301,0.85349,0.00336,0.00321,0.85397,0.85494,0.85638,0.85253,0.85156,71.7,,,,,,
2026-07-25,USDCAD,2026-07-24,1.4115,1.40656,1.4094,0.00528,0.00534,1.40915,1.41175,1.41409,1.40681,1.40421,93.6,,,,,,
2026-07-25,USDCHF,2026-07-24,0.81859,0.81538,0.81822,0.00493,0.00492,0.8174,0.81941,0.82061,0.8162,0.81419,65.1,,,,,,
2026-07-25,NZDUSD,2026-07-24,0.58029,0.57681,0.57898,0.00445,0.00461,0.57869,0.58058,0.58217,0.5771,0.57521,78.2,,,,,,
2026-07-25,AUDNZD,2026-07-24,1.20856,1.20546,1.20639,0.00604,0.0062,1.2068,1.20815,1.2099,1.20505,1.2037,51.3,,,,,,
2026-07-25,XAUUSD,2026-07-24,4080.69,4022.09,4053.47,90.77,93.1,4052.09,4082.08,4110.69,4023.48,3993.48,64.6,,,,,,
2026-07-27,USDJPY,2026-07-24,163.941,163.651,163.854,0.716,0.635,163.815,163.979,164.105,163.69,163.526,40.5,,,,,,
2026-07-27,EURUSD,2026-07-24,1.14,1.13654,1.13723,0.00507,0.00521,1.13792,1.13931,1.14138,1.13585,1.13446,68.2,,,,,,
2026-07-27,GBPUSD,2026-07-24,1.3349,1.33065,1.33245,0.00757,0.00757,1.33267,1.33468,1.33692,1.33043,1.32842,56.1,,,,,,
2026-07-27,EURJPY,2026-07-24,186.61,186.232,186.344,0.778,0.748,186.395,186.559,186.773,186.18,186.017,48.6,,,,,,
2026-07-27,AUDUSD,2026-07-24,0.70002,0.6965,0.69836,0.00419,0.00442,0.69829,0.70009,0.70181,0.69657,0.69477,84,,,,,,
2026-07-27,EURGBP,2026-07-24,0.85542,0.85301,0.85349,0.00336,0.0032,0.85397,0.85494,0.85638,0.85253,0.85156,71.7,,,,,,
2026-07-27,USDCAD,2026-07-24,1.4115,1.40656,1.4094,0.00528,0.00537,1.40915,1.41175,1.41409,1.40681,1.40421,93.6,,,,,,
2026-07-27,USDCHF,2026-07-24,0.81859,0.81538,0.81822,0.00493,0.00493,0.8174,0.81941,0.82061,0.8162,0.81419,65.1,,,,,,
2026-07-27,NZDUSD,2026-07-24,0.58029,0.57681,0.57898,0.00445,0.00462,0.57869,0.58058,0.58217,0.5771,0.57521,78.2,,,,,,
2026-07-27,AUDNZD,2026-07-24,1.20856,1.20546,1.20639,0.00604,0.0062,1.2068,1.20815,1.2099,1.20505,1.2037,51.3,,,,,,
2026-07-27,XAUUSD,2026-07-24,4080.69,4022.09,4053.47,90.77,93.27,4052.09,4082.08,4110.69,4023.48,3993.48,64.6,,,,,,
2026-07-27,USOIL,2026-07-24,92.85,86.99,90.51,3.67,4.55,90.12,93.24,95.97,87.38,84.26,159.7,,,,,,
2026-07-28,USDJPY,2026-07-27,163.798,163.329,163.747,0.726,0.627,163.625,163.92,164.093,163.452,163.156,64.6,,,,,,
2026-07-28,EURUSD,2026-07-27,1.14176,1.13665,1.13681,0.00507,0.00521,1.13841,1.14016,1.14352,1.13505,1.1333,100.8,,,,,,
2026-07-28,GBPUSD,2026-07-27,1.33638,1.32844,1.32889,0.00761,0.00759,1.33124,1.33403,1.33918,1.32609,1.3233,104.3,,,,,,
2026-07-28,EURJPY,2026-07-27,186.754,185.999,186.154,0.765,0.748,186.302,186.606,187.057,185.851,185.548,98.7,,,,,,
2026-07-28,AUDUSD,2026-07-27,0.70105,0.69858,0.69898,0.00419,0.0043,0.69954,0.70049,0.70201,0.69802,0.69707,58.9,,,,,,
2026-07-28,EURGBP,2026-07-27,0.856,0.85257,0.85546,0.00341,0.00322,0.85468,0.85678,0.85811,0.85335,0.85125,100.6,,,,,,
2026-07-28,USDCAD,2026-07-27,1.41269,1.40716,1.41247,0.00535,0.00538,1.41077,1.41439,1.4163,1.40886,1.40524,103.4,,,,,,
2026-07-28,USDCHF,2026-07-27,0.81943,0.81398,0.81932,0.00505,0.00497,0.81758,0.82117,0.82303,0.81572,0.81213,107.9,,,,,,
2026-07-28,NZDUSD,2026-07-27,0.58101,0.57728,0.57746,0.0045,0.00456,0.57858,0.57989,0.58231,0.57616,0.57485,82.9,,,,,,
2026-07-28,AUDNZD,2026-07-27,1.2106,1.20483,1.21044,0.00611,0.00617,1.20862,1.21242,1.21439,1.20665,1.20285,94.4,,,,,,
2026-07-28,XAUUSD,2026-07-27,4116.43,4012.26,4076.96,91.49,94.05,4068.55,4124.84,4172.72,4020.67,3964.38,113.9,,,,,,
2026-07-28,USOIL,2026-07-27,89.35,80.92,81.2,3.97,4.92,83.82,86.73,92.26,78.29,75.39,212.3,,,,,,
2026-07-29,USDJPY,2026-07-28,163.954,163.653,163.87,0.7,0.605,163.825,163.998,164.126,163.697,163.524,43,,,,,,
2026-07-29,EURUSD,2026-07-28,1.14054,1.13542,1.13866,0.00507,0.00522,1.13821,1.14099,1.14333,1.13587,1.13309,101,,,,,,
2026-07-29,GBPUSD,2026-07-28,1.33107,1.32733,1.32906,0.00747,0.00734,1.32915,1.33098,1.33289,1.32724,1.32541,50.1,,,,,,
2026-07-29,EURJPY,2026-07-28,186.691,186.044,186.584,0.739,0.743,186.44,186.836,187.087,186.188,185.792,87.6,,,,,,
2026-07-29,AUDUSD,2026-07-28,0.69972,0.69634,0.6974,0.00403,0.00423,0.69782,0.6993,0.7012,0.69592,0.69444,83.9,,,,,,
2026-07-29,EURGBP,2026-07-28,0.85712,0.85453,0.85673,0.00344,0.00317,0.85613,0.85772,0.85872,0.85513,0.85354,75.3,,,,,,
2026-07-29,USDCAD,2026-07-28,1.41292,1.40865,1.41084,0.00523,0.00531,1.4108,1.41296,1.41507,1.40869,1.40653,81.6,,,,,,
2026-07-29,USDCHF,2026-07-28,0.82056,0.81677,0.81938,0.00505,0.0049,0.8189,0.82104,0.82269,0.81725,0.81511,75,,,,,,
2026-07-29,NZDUSD,2026-07-28,0.57995,0.57625,0.57866,0.00444,0.00449,0.57829,0.58032,0.58199,0.57662,0.57459,83.3,,,,,,
2026-07-29,AUDNZD,2026-07-28,1.21227,1.20445,1.20524,0.00632,0.00618,1.20732,1.21019,1.21514,1.20237,1.1995,123.7,,,,,,
2026-07-29,XAUUSD,2026-07-28,4081.47,4012.45,4028.58,89.26,92.24,4040.83,4069.21,4109.85,4000.2,3971.81,77.3,,,,,,
2026-07-29,USOIL,2026-07-28,82.64,77.13,79.17,4.1,4.96,79.65,82.16,85.16,76.65,74.14,134.4,,,,,,
2026-07-30,USDJPY,2026-07-29,163.911,163.225,163.437,0.707,0.611,163.524,163.824,164.211,163.137,162.838,97,,,,,,
2026-07-30,EURUSD,2026-07-29,1.14705,1.13753,1.1467,0.00522,0.00551,1.14376,1.14999,1.15328,1.14047,1.13424,182.4,,,,,,
2026-07-30,GBPUSD,2026-07-29,1.33872,1.32795,1.33686,0.00764,0.00758,1.33451,1.34107,1.34528,1.3303,1.32374,141,,,,,,
2026-07-30,EURJPY,2026-07-29,187.48,186.19,187.415,0.758,0.782,187.028,187.867,188.318,186.577,185.738,170.2,,,,,,
2026-07-30,AUDUSD,2026-07-29,0.69887,0.69228,0.6955,0.00416,0.00439,0.69555,0.69882,0.70214,0.69223,0.68896,158.4,,,,,,
2026-07-30,EURGBP,2026-07-29,0.85863,0.85552,0.85776,0.00332,0.00316,0.8573,0.85909,0.86041,0.85598,0.85419,93.7,,,,,,
2026-07-30,USDCAD,2026-07-29,1.411,1.40241,1.4048,0.00545,0.00552,1.40607,1.40973,1.41466,1.40114,1.39748,157.6,,,,,,
2026-07-30,USDCHF,2026-07-29,0.82072,0.81331,0.81359,0.0052,0.00507,0.81587,0.81844,0.82328,0.81103,0.80846,142.5,,,,,,
2026-07-30,NZDUSD,2026-07-29,0.58265,0.57626,0.57961,0.00459,0.00461,0.57951,0.58275,0.5859,0.57636,0.57312,139.2,,,,,,
2026-07-30,AUDNZD,2026-07-29,1.20696,1.19799,1.20002,0.00645,0.00639,1.20166,1.20532,1.21063,1.19635,1.19269,139.1,,,,,,
2026-07-30,XAUUSD,2026-07-29,4114.04,3996.32,4066.93,87.34,93.81,4059.1,4121.88,4176.82,4004.16,3941.38,134.8,,,,,,
2026-07-30,USOIL,2026-07-29,85.49,79.03,84.58,4.28,5.06,83.04,87.04,89.5,80.58,76.58,150.9,,,,,,
2026-07-31,USDJPY,2026-07-30,163.741,157.947,159.544,0.901,0.983,160.411,162.874,166.205,157.08,154.617,643.1,,,,,,
2026-07-31,EURUSD,2026-07-30,1.15363,1.1435,1.15276,0.00524,0.00584,1.14996,1.15643,1.16009,1.1463,1.13983,193.3,,,,,,
2026-07-31,GBPUSD,2026-07-30,1.34769,1.33332,1.34637,0.00779,0.00806,1.34246,1.3516,1.35683,1.33723,1.32809,184.5,,,,,,
2026-07-31,EURJPY,2026-07-30,187.475,182.128,183.926,0.963,1.109,184.509,186.891,189.856,181.544,179.163,555.2,,,,,,
2026-07-31,AUDUSD,2026-07-30,0.70335,0.69469,0.70298,0.0043,0.0047,0.70034,0.70599,0.709,0.69733,0.69168,201.4,,,,,,
2026-07-31,EURGBP,2026-07-30,0.8593,0.85552,0.85623,0.00322,0.0032,0.85702,0.85851,0.8608,0.85473,0.85324,117.4,,,,,,
2026-07-31,USDCAD,2026-07-30,1.40678,1.39911,1.40108,0.00548,0.00567,1.40232,1.40554,1.40999,1.39787,1.39465,140,,,,,,
2026-07-31,USDCHF,2026-07-30,0.81749,0.80401,0.80509,0.00545,0.00568,0.80886,0.81372,0.82234,0.80024,0.79538,247.3,,,,,,
2026-07-31,NZDUSD,2026-07-30,0.58837,0.57897,0.58797,0.00482,0.00495,0.5851,0.59124,0.5945,0.58184,0.5757,195,,,,,,
2026-07-31,AUDNZD,2026-07-30,1.20104,1.19406,1.19561,0.00655,0.00641,1.1969,1.19975,1.20388,1.19277,1.18992,106.6,,,,,,
2026-07-31,XAUUSD,2026-07-30,4119.46,4029.17,4103.5,86.18,93.66,4084.04,4138.92,4174.34,4048.62,3993.75,104.8,,,,,,
2026-07-31,USOIL,2026-07-30,85.95,81.74,82.65,4.39,4.99,83.45,85.16,87.66,80.94,79.23,95.9,,,,,,
2026-08-01,USDJPY,2026-07-31,160.892,157.421,157.461,1.029,1.161,158.591,159.762,162.063,156.291,155.12,337.3,,,,,,
2026-08-01,EURUSD,2026-07-31,1.15463,1.14565,1.15304,0.00548,0.00607,1.15111,1.15656,1.16009,1.14758,1.14213,163.9,,,,,,
2026-08-01,GBPUSD,2026-07-31,1.34944,1.34011,1.34804,0.00803,0.00816,1.34586,1.35162,1.35519,1.34229,1.33653,116.2,,,,,,
2026-08-01,EURJPY,2026-07-31,185.2,181.506,181.567,1.12,1.296,182.758,184.009,186.451,180.315,179.064,329.8,,,,,,
2026-08-01,AUDUSD,2026-07-31,0.7044,0.69923,0.7028,0.00437,0.00473,0.70214,0.70506,0.70731,0.69989,0.69697,118.3,,,,,,
2026-08-01,EURGBP,2026-07-31,0.85708,0.85417,0.85548,0.00329,0.00318,0.85558,0.85698,0.85849,0.85407,0.85267,88.4,,,,,,
2026-08-01,USDCAD,2026-07-31,1.40597,1.40036,1.40138,0.00551,0.00567,1.40257,1.40478,1.40818,1.39917,1.39696,101.8,,,,,,
2026-08-01,USDCHF,2026-07-31,0.81286,0.80468,0.80731,0.00567,0.00584,0.80828,0.81189,0.81646,0.80371,0.8001,144.3,,,,,,
2026-08-01,NZDUSD,2026-07-31,0.58957,0.585,0.58882,0.00487,0.0049,0.5878,0.59059,0.59237,0.58602,0.58323,93.8,,,,,,
2026-08-01,AUDNZD,2026-07-31,1.19833,1.19347,1.19362,0.00664,0.00627,1.19514,1.19681,1.2,1.19195,1.19028,73.2,,,,,,
2026-08-01,XAUUSD,2026-07-31,4112.01,4021.07,4045.25,87.01,93.62,4059.44,4097.82,4150.39,4006.88,3968.5,104.5,,,,,,
2026-08-01,USOIL,2026-07-31,86.03,79.96,84.67,4.62,5.07,83.55,87.15,89.62,81.08,77.49,131.4,,,,,,
2026-08-04,USDJPY,2026-08-03,157.871,155.251,157.201,1.104,1.267,156.774,158.298,159.395,155.677,154.154,237.3,,,,,,
2026-08-04,EURUSD,2026-08-03,1.15593,1.15018,1.15085,0.00559,0.00607,1.15232,1.15446,1.15807,1.14871,1.14657,102.9,,,,,,
2026-08-04,GBPUSD,2026-08-03,1.35065,1.34183,1.34339,0.00813,0.00825,1.34529,1.34875,1.35411,1.33993,1.33647,108.5,,,,,,
2026-08-04,EURJPY,2026-08-03,182.587,179.145,180.924,1.239,1.452,180.885,182.626,184.328,179.183,177.443,277.8,,,,,,
2026-08-04,AUDUSD,2026-08-03,0.70514,0.69835,0.70009,0.00453,0.00489,0.70119,0.70404,0.70798,0.69725,0.6944,149.9,,,,,,
2026-08-04,EURGBP,2026-08-03,0.85739,0.85403,0.8567,0.0033,0.00319,0.85604,0.85805,0.8594,0.85469,0.85268,101.8,,,,,,
2026-08-04,USDCAD,2026-08-03,1.40537,1.40051,1.40456,0.00553,0.00562,1.40348,1.40645,1.40834,1.40159,1.39862,87.9,,,,,,
2026-08-04,USDCHF,2026-08-03,0.81153,0.80569,0.81045,0.00576,0.00586,0.80922,0.81276,0.81506,0.80692,0.80338,101.4,,,,,,
2026-08-04,NZDUSD,2026-08-03,0.59087,0.58607,0.58709,0.00493,0.00491,0.58801,0.58995,0.59281,0.58515,0.58321,97.4,,,,,,
2026-08-04,AUDNZD,2026-08-03,1.1963,1.1913,1.19233,0.00658,0.00617,1.19331,1.19532,1.19831,1.19032,1.18831,76,,,,,,
2026-08-04,XAUUSD,2026-08-03,4088.47,4022.04,4055.31,86.7,92.01,4055.28,4088.51,4121.71,4022.08,3988.84,76.6,,,,,,
2026-08-04,USOIL,2026-08-03,80.03,77.42,78.78,4.68,5.22,78.74,80.07,81.35,77.46,76.13,55.8,,,,,,
2026-08-05,USDJPY,2026-08-04,157.969,157.148,157.735,1.12,1.236,157.617,158.087,158.439,157.266,156.796,73.3,,,,,,
2026-08-05,EURUSD,2026-08-04,1.15344,1.1503,1.15332,0.00554,0.00589,1.15235,1.15441,1.15549,1.15127,1.14921,56.7,,,,,,
2026-08-05,GBPUSD,2026-08-04,1.34566,1.34198,1.34542,0.00804,0.00797,1.34435,1.34673,1.34803,1.34305,1.34067,45.8,,,,,,
2026-08-05,EURJPY,2026-08-04,181.99,180.855,181.909,1.261,1.433,181.585,182.314,182.719,181.18,180.45,90,,,,,,
2026-08-05,AUDUSD,2026-08-04,0.70487,0.69965,0.70466,0.00459,0.00494,0.70306,0.70647,0.70828,0.70125,0.69784,113.7,,,,,,
2026-08-05,EURGBP,2026-08-04,0.85761,0.85603,0.85718,0.00327,0.0031,0.85694,0.85785,0.85852,0.85627,0.85536,48.3,,,,,,
2026-08-05,USDCAD,2026-08-04,1.40801,1.40349,1.40615,0.00555,0.00556,1.40588,1.40828,1.4104,1.40376,1.40136,81.4,,,,,,
2026-08-05,USDCHF,2026-08-04,0.81093,0.80805,0.80891,0.00569,0.00564,0.8093,0.81054,0.81218,0.80766,0.80642,50.6,,,,,,
2026-08-05,NZDUSD,2026-08-04,0.58964,0.58624,0.58955,0.00492,0.00481,0.58848,0.59071,0.59188,0.58731,0.58508,69.1,,,,,,
2026-08-05,AUDNZD,2026-08-04,1.19691,1.19154,1.19519,0.00669,0.00612,1.19455,1.19755,1.19992,1.19218,1.18918,80.3,,,,,,
2026-08-05,XAUUSD,2026-08-04,4105.94,4042.61,4077.4,85.59,90.62,4075.32,4108.02,4138.65,4044.69,4011.99,74,,,,,,
2026-08-05,USOIL,2026-08-04,80.92,74.33,74.44,4.82,5.32,76.56,78.8,83.16,72.21,69.97,136.7,,,,,,
2026-08-06,USDJPY,2026-08-05,157.869,157.317,157.772,1.111,1.187,157.653,157.988,158.204,157.436,157.101,49.7,,,,,,
2026-08-06,EURUSD,2026-08-05,1.15597,1.15262,1.15542,0.00551,0.00571,1.15467,1.15672,1.15802,1.15337,1.15132,60.8,,,,,,
2026-08-06,GBPUSD,2026-08-05,1.34864,1.34447,1.34688,0.00782,0.0077,1.34666,1.34886,1.35083,1.34469,1.34249,53.3,,,,,,
2026-08-06,EURJPY,2026-08-05,182.298,181.531,182.291,1.256,1.385,182.04,182.549,182.808,181.782,181.272,61.1,,,,,,
2026-08-06,AUDUSD,2026-08-05,0.70641,0.70403,0.70575,0.00451,0.00475,0.7054,0.70676,0.70778,0.70438,0.70302,52.8,,,,,,
2026-08-06,EURGBP,2026-08-05,0.85806,0.85664,0.8578,0.00315,0.00298,0.8575,0.85836,0.85892,0.85694,0.85608,45.1,,,,,,
2026-08-06,USDCAD,2026-08-05,1.40801,1.40052,1.40118,0.00565,0.00569,1.40324,1.40595,1.41073,1.39846,1.39575,132.6,,,,,,
2026-08-06,USDCHF,2026-08-05,0.81021,0.80633,0.80707,0.00566,0.00552,0.80787,0.80941,0.81175,0.80553,0.80399,68.6,,,,,,
2026-08-06,NZDUSD,2026-08-05,0.58971,0.58601,0.58875,0.00487,0.00473,0.58816,0.5903,0.59186,0.5866,0.58446,76,,,,,,
2026-08-06,AUDNZD,2026-08-05,1.20198,1.19453,1.1987,0.00661,0.00622,1.1984,1.20228,1.20585,1.19483,1.19095,112.7,,,,,,
2026-08-06,XAUUSD,2026-08-05,4267.14,4065.91,4247,90.06,98.52,4193.35,4320.79,4394.58,4119.56,3992.11,223.4,,,,,,
2026-08-06,USOIL,2026-08-05,75.83,73.48,74.34,4.71,5.1,74.55,75.62,76.89,73.28,72.21,49.9,,,,,,
2026-08-07,USDJPY,2026-08-06,158.544,157.56,158.471,1.14,1.174,158.192,158.823,159.176,157.839,157.208,86.3,,,159.612,161.803,155.27,2026-07-27〜2026-07-31
2026-08-07,EURUSD,2026-08-06,1.15598,1.1515,1.15244,0.00556,0.00559,1.15331,1.15511,1.15779,1.15063,1.14883,80.6,,,1.1477,1.15997,1.14076,2026-07-27〜2026-07-31
2026-08-07,GBPUSD,2026-08-06,1.34795,1.34486,1.34541,0.00774,0.00734,1.34607,1.34729,1.34916,1.3442,1.34298,39.9,,,1.3416,1.35588,1.33377,2026-07-27〜2026-07-31
2026-08-07,EURJPY,2026-08-06,182.65,182.084,182.633,1.27,1.321,182.456,182.827,183.022,182.261,181.889,44.6,,,183.518,185.529,179.555,2026-07-27〜2026-07-31
2026-08-07,AUDUSD,2026-08-06,0.70604,0.70237,0.70322,0.00458,0.00464,0.70388,0.70538,0.70755,0.70171,0.70021,80.1,,,0.69983,0.70737,0.69525,2026-07-27〜2026-07-31
2026-08-07,EURGBP,2026-08-06,0.8584,0.85596,0.85662,0.00316,0.00295,0.85699,0.85803,0.85943,0.85559,0.85455,77.2,,,0.85578,0.859,0.85227,2026-07-27〜2026-07-31
2026-08-07,USDCAD,2026-08-06,1.40372,1.39906,1.40132,0.0057,0.00562,1.40137,1.40367,1.40603,1.39901,1.39671,81.8,,,1.40447,1.40983,1.39602,2026-07-27〜2026-07-31
2026-08-07,USDCHF,2026-08-06,0.81362,0.80607,0.8124,0.00587,0.00564,0.8107,0.81532,0.81825,0.80777,0.80315,128.6,,,0.81068,0.81735,0.80064,2026-07-27〜2026-07-31
2026-08-07,NZDUSD,2026-08-06,0.58953,0.58618,0.58696,0.00465,0.0046,0.58756,0.58893,0.59091,0.58558,0.58421,72,,,0.58488,0.59351,0.58019,2026-07-27〜2026-07-31
2026-08-07,AUDNZD,2026-08-06,1.20005,1.1966,1.19806,0.00617,0.00606,1.19824,1.19987,1.20169,1.19642,1.19479,55.9,,,1.19979,1.2061,1.1873,2026-07-27〜2026-07-31
2026-08-07,XAUUSD,2026-08-06,4304.07,4224.23,4240.82,89.87,97.15,4256.37,4288.52,4336.22,4208.67,4176.53,88.8,,,4053.68,4111.04,3987.9,2026-07-27〜2026-07-31
2026-08-07,USOIL,2026-08-06,77.69,73.82,77.43,4.73,5.01,76.31,78.8,80.18,74.93,72.44,81.8,,,83.72,90.3,78.09,2026-07-27〜2026-07-31
2026-08-08,USDJPY,2026-08-07,158.579,156.759,157.794,1.175,1.221,157.711,158.662,159.53,156.843,155.891,154.9,,,157.208,159.165,155.837,2026-08-03〜2026-08-07
2026-08-08,EURUSD,2026-08-07,1.15802,1.15172,1.15596,0.00563,0.00564,1.15523,1.15875,1.16153,1.15245,1.14893,111.9,,,1.15472,1.15926,1.15142,2026-08-03〜2026-08-07
2026-08-08,GBPUSD,2026-08-07,1.35093,1.34347,1.34936,0.00782,0.00734,1.34792,1.35237,1.35538,1.34491,1.34046,95.4,,,1.34737,1.35292,1.34382,2026-08-03〜2026-08-07
2026-08-08,EURJPY,2026-08-07,183.07,181.314,182.392,1.298,1.352,182.259,183.203,184.014,181.448,180.503,135.3,,,181.536,183.926,180.001,2026-08-03〜2026-08-07
2026-08-08,AUDUSD,2026-08-07,0.70773,0.70227,0.70675,0.00468,0.0047,0.70558,0.7089,0.71104,0.70344,0.70012,116.7,,,0.70428,0.7102,0.70082,2026-08-03〜2026-08-07
2026-08-08,EURGBP,2026-08-07,0.85939,0.85613,0.85658,0.00321,0.00297,0.85737,0.8586,0.86063,0.85534,0.85411,101.6,,,0.85667,0.8593,0.85394,2026-08-03〜2026-08-07
2026-08-08,USDCAD,2026-08-07,1.40297,1.39244,1.39409,0.00595,0.00597,1.3965,1.40056,1.40703,1.39003,1.38597,177,,,1.39818,1.40392,1.38835,2026-08-03〜2026-08-07
2026-08-08,USDCHF,2026-08-07,0.81294,0.80588,0.80803,0.00593,0.00574,0.80895,0.81202,0.81601,0.80496,0.80189,119.1,,,0.80911,0.81254,0.80461,2026-08-03〜2026-08-07
2026-08-08,NZDUSD,2026-08-07,0.5907,0.58628,0.58947,0.00466,0.00458,0.58882,0.59135,0.59324,0.58693,0.5844,94.8,,,0.58878,0.59156,0.5867,2026-08-03〜2026-08-07
2026-08-08,AUDNZD,2026-08-07,1.20152,1.19657,1.19887,0.00612,0.00598,1.19899,1.2014,1.20394,1.19645,1.19404,80.9,,,1.19738,1.20347,1.19279,2026-08-03〜2026-08-07
2026-08-08,XAUUSD,2026-08-07,4371.01,4230.24,4342.63,94.04,100.26,4314.63,4399.02,4455.4,4258.25,4173.86,149.7,,,4245.23,4468.42,4119.45,2026-08-03〜2026-08-07
2026-08-08,USOIL,2026-08-07,77.89,75.67,76.37,4.73,4.81,76.64,77.62,78.87,75.4,74.42,46.9,,,76.93,80.37,72.93,2026-08-03〜2026-08-07
2026-08-11,USDJPY,2026-08-10,159.365,157.672,159.317,1.218,1.258,158.785,159.898,160.478,158.204,157.091,139,157.748,157.221,157.208,159.165,155.837,2026-08-03〜2026-08-07
2026-08-11,EURUSD,2026-08-10,1.15668,1.154,1.15432,0.00543,0.00546,1.155,1.156,1.15768,1.15332,1.15232,49.4,1.15609,1.15451,1.15472,1.15926,1.15142,2026-08-03〜2026-08-07
2026-08-11,GBPUSD,2026-08-10,1.35312,1.34834,1.35078,0.00771,0.00718,1.35075,1.35315,1.35553,1.34837,1.34597,62,1.3496,1.34828,1.34737,1.35292,1.34382,2026-08-03〜2026-08-07
2026-08-11,EURJPY,2026-08-10,183.943,182.266,183.899,1.325,1.378,183.37,184.473,185.047,182.796,181.692,126.6,182.371,181.524,181.536,183.926,180.001,2026-08-03〜2026-08-07
2026-08-11,AUDUSD,2026-08-10,0.70745,0.70534,0.7054,0.0046,0.0045,0.70606,0.70679,0.70817,0.70468,0.70395,45.9,0.70666,0.7041,0.70428,0.7102,0.70082,2026-08-03〜2026-08-07
2026-08-11,EURGBP,2026-08-10,0.85712,0.85368,0.85453,0.00324,0.00301,0.85511,0.85654,0.85855,0.8531,0.85167,106.2,0.85662,0.85627,0.85667,0.8593,0.85394,2026-08-03〜2026-08-07
2026-08-11,USDCAD,2026-08-10,1.39643,1.39268,1.39409,0.00589,0.00583,1.3944,1.39612,1.39815,1.39237,1.39065,63.7,1.39463,1.40153,1.39818,1.40392,1.38835,2026-08-03〜2026-08-07
2026-08-11,USDCHF,2026-08-10,0.81049,0.80697,0.81029,0.00574,0.0056,0.80925,0.81153,0.81277,0.80801,0.80573,61.3,0.80785,0.80666,0.80911,0.81254,0.80461,2026-08-03〜2026-08-07
2026-08-11,NZDUSD,2026-08-10,0.58998,0.58786,0.58821,0.00454,0.00441,0.58868,0.58951,0.5908,0.58739,0.58656,46.7,0.58936,0.58978,0.58878,0.59156,0.5867,2026-08-03〜2026-08-07
2026-08-11,AUDNZD,2026-08-10,1.2008,1.19816,1.19923,0.00589,0.00574,1.1994,1.20063,1.20204,1.19799,1.19676,44.8,1.19904,1.19384,1.19738,1.20347,1.19279,2026-08-03〜2026-08-07
2026-08-11,XAUUSD,2026-08-10,4395.6,4313.51,4389.99,91.83,98.3,4366.37,4419.23,4448.47,4337.13,4284.27,89.4,4342.29,4042.69,4245.23,4468.42,4119.45,2026-08-03〜2026-08-07
2026-08-11,USOIL,2026-08-10,81.58,76.99,81.51,4.66,4.84,80.03,83.06,84.61,78.47,75.44,98.5,77.59,77.81,76.93,80.37,72.93,2026-08-03〜2026-08-07
2026-08-12,USDJPY,2026-08-11,159.391,158.961,159.303,1.197,1.198,159.218,159.476,159.648,159.045,158.788,35.9,159.312,157.221,157.208,159.165,155.837,2026-08-03〜2026-08-07
2026-08-12,EURUSD,2026-08-11,1.15502,1.15314,1.15432,0.00511,0.0052,1.15416,1.15518,1.15604,1.1533,1.15228,36.8,1.1543,1.15451,1.15472,1.15926,1.15142,2026-08-03〜2026-08-07
2026-08-12,GBPUSD,2026-08-11,1.35156,1.34928,1.35084,0.00733,0.00683,1.35056,1.35184,1.35284,1.34956,1.34828,31.1,1.35074,1.34828,1.34737,1.35292,1.34382,2026-08-03〜2026-08-07
2026-08-12,EURJPY,2026-08-11,183.94,183.588,183.885,1.288,1.305,183.804,184.021,184.157,183.668,183.452,27.3,183.894,181.524,181.536,183.926,180.001,2026-08-03〜2026-08-07
2026-08-12,AUDUSD,2026-08-11,0.70696,0.70419,0.70621,0.00434,0.00438,0.70579,0.70738,0.70856,0.70461,0.70302,63.8,0.70541,0.7041,0.70428,0.7102,0.70082,2026-08-03〜2026-08-07
2026-08-12,EURGBP,2026-08-11,0.85515,0.85393,0.8545,0.00308,0.00289,0.85453,0.85512,0.85575,0.8539,0.85331,39.6,0.85457,0.85627,0.85667,0.8593,0.85394,2026-08-03〜2026-08-07
2026-08-12,USDCAD,2026-08-11,1.39461,1.3916,1.39258,0.0055,0.00563,1.39293,1.39426,1.39594,1.39125,1.38992,54.7,1.39404,1.40153,1.39818,1.40392,1.38835,2026-08-03〜2026-08-07
2026-08-12,USDCHF,2026-08-11,0.81212,0.80945,0.81096,0.00542,0.00539,0.81084,0.81224,0.81351,0.80957,0.80817,49.3,0.8103,0.80666,0.80911,0.81254,0.80461,2026-08-03〜2026-08-07
2026-08-12,NZDUSD,2026-08-11,0.58943,0.58683,0.58805,0.00418,0.00429,0.5881,0.58938,0.5907,0.58678,0.5855,62.2,0.58819,0.58978,0.58878,0.59156,0.5867,2026-08-03〜2026-08-07
2026-08-12,AUDNZD,2026-08-11,1.2018,1.19513,1.20092,0.0057,0.0058,1.19928,1.20344,1.20595,1.19677,1.19261,117,1.19927,1.19384,1.19738,1.20347,1.19279,2026-08-03〜2026-08-07
2026-08-12,XAUUSD,2026-08-11,4434.79,4356.49,4367.72,90.08,96.87,4386.33,4416.17,4464.63,4337.87,4308.03,86.9,4389.83,4042.69,4245.23,4468.42,4119.45,2026-08-03〜2026-08-07
2026-08-12,USOIL,2026-08-11,83.6,80.36,82.24,4.63,4.73,82.07,83.77,85.3,80.54,78.83,70,81.32,77.81,76.93,80.37,72.93,2026-08-03〜2026-08-07
2026-08-13,USDJPY,2026-08-12,159.542,158.734,159.432,1.211,1.168,159.236,159.738,160.044,158.93,158.428,66.7,159.303,157.221,157.208,159.165,155.837,2026-08-03〜2026-08-07
2026-08-13,EURUSD,2026-08-12,1.15622,1.15197,1.15247,0.00494,0.00512,1.15355,1.15514,1.1578,1.15089,1.1493,86,1.15429,1.15451,1.15472,1.15926,1.15142,2026-08-03〜2026-08-07
2026-08-13,GBPUSD,2026-08-12,1.35402,1.34881,1.34956,0.0067,0.0067,1.3508,1.35278,1.35601,1.34757,1.34559,77.8,1.3508,1.34828,1.34737,1.35292,1.34382,2026-08-03〜2026-08-07
2026-08-13,EURJPY,2026-08-12,183.973,183.324,183.743,1.279,1.259,183.68,184.036,184.329,183.387,183.031,50.7,183.881,181.524,181.536,183.926,180.001,2026-08-03〜2026-08-07
2026-08-13,AUDUSD,2026-08-12,0.70906,0.70544,0.70632,0.00426,0.00431,0.70694,0.70844,0.71056,0.70482,0.70332,85,0.70621,0.7041,0.70428,0.7102,0.70082,2026-08-03〜2026-08-07
2026-08-13,EURGBP,2026-08-12,0.85474,0.85313,0.854,0.00273,0.0028,0.85396,0.85478,0.85557,0.85317,0.85235,59,0.85452,0.85627,0.85667,0.8593,0.85394,2026-08-03〜2026-08-07
2026-08-13,USDCAD,2026-08-12,1.39471,1.39081,1.39399,0.00543,0.00548,1.39317,1.39553,1.39707,1.39163,1.38927,71.8,1.39254,1.40153,1.39818,1.40392,1.38835,2026-08-03〜2026-08-07
2026-08-13,USDCHF,2026-08-12,0.81398,0.80969,0.81364,0.00523,0.00529,0.81244,0.81518,0.81673,0.81089,0.80815,82,0.81096,0.80666,0.80911,0.81254,0.80461,2026-08-03〜2026-08-07
2026-08-13,NZDUSD,2026-08-12,0.58866,0.58547,0.58584,0.00405,0.00419,0.58666,0.58784,0.58985,0.58465,0.58347,78.8,0.58806,0.58978,0.58878,0.59156,0.5867,2026-08-03〜2026-08-07
2026-08-13,AUDNZD,2026-08-12,1.20664,1.19997,1.20566,0.00576,0.00586,1.20409,1.20821,1.21076,1.20154,1.19742,115.8,1.20093,1.19384,1.19738,1.20347,1.19279,2026-08-03〜2026-08-07
2026-08-13,XAUUSD,2026-08-12,4441.22,4363.38,4409.05,90.78,94.88,4404.55,4445.72,4482.39,4367.88,4326.71,85.7,4368.15,4042.69,4245.23,4468.42,4119.45,2026-08-03〜2026-08-07
2026-08-13,USOIL,2026-08-12,83.14,81.25,81.72,4.56,4.53,82.04,82.83,83.93,80.94,80.15,41.4,82.32,77.81,76.93,80.37,72.93,2026-08-03〜2026-08-07
2026-08-14,USDJPY,2026-08-13,159.57,159.036,159.523,1.211,1.123,159.376,159.717,159.91,159.183,158.843,44.1,159.432,157.221,157.208,159.165,155.837,2026-08-03〜2026-08-07
2026-08-14,EURUSD,2026-08-13,1.15455,1.1512,1.15291,0.00488,0.00502,1.15289,1.15457,1.15624,1.15122,1.14954,68.6,1.15251,1.15451,1.15472,1.15926,1.15142,2026-08-03〜2026-08-07
2026-08-14,GBPUSD,2026-08-13,1.35126,1.3475,1.3487,0.00645,0.00652,1.34915,1.35081,1.35291,1.34705,1.34539,58.3,1.34952,1.34828,1.34737,1.35292,1.34382,2026-08-03〜2026-08-07
2026-08-14,EURJPY,2026-08-13,183.958,183.485,183.911,1.288,1.207,183.784,184.084,184.257,183.611,183.312,36.7,183.746,181.524,181.536,183.926,180.001,2026-08-03〜2026-08-07
2026-08-14,AUDUSD,2026-08-13,0.70675,0.7044,0.70599,0.00425,0.00417,0.70571,0.70703,0.70806,0.70468,0.70336,55.3,0.70629,0.7041,0.70428,0.7102,0.70082,2026-08-03〜2026-08-07
2026-08-14,EURGBP,2026-08-13,0.85531,0.85368,0.85483,0.00267,0.00273,0.85461,0.85553,0.85624,0.8539,0.85298,61,0.85401,0.85627,0.85667,0.8593,0.85394,2026-08-03〜2026-08-07
2026-08-14,USDCAD,2026-08-13,1.39584,1.3928,1.39314,0.00534,0.00532,1.39393,1.39505,1.39697,1.39201,1.39089,56.9,1.394,1.40153,1.39818,1.40392,1.38835,2026-08-03〜2026-08-07
2026-08-14,USDCHF,2026-08-13,0.81476,0.81137,0.81417,0.00514,0.00517,0.81343,0.8155,0.81682,0.81211,0.81004,66,0.81367,0.80666,0.80911,0.81254,0.80461,2026-08-03〜2026-08-07
2026-08-14,NZDUSD,2026-08-13,0.58634,0.58224,0.58507,0.00413,0.00419,0.58455,0.58686,0.58865,0.58276,0.58045,99.3,0.58581,0.58978,0.58878,0.59156,0.5867,2026-08-03〜2026-08-07
2026-08-14,AUDNZD,2026-08-13,1.21021,1.20416,1.20669,0.00582,0.00588,1.20702,1.20988,1.21307,1.20383,1.20097,104,1.20568,1.19384,1.19738,1.20347,1.19279,2026-08-03〜2026-08-07
2026-08-14,XAUUSD,2026-08-13,4449.78,4345.18,4351.18,91.03,95.84,4382.05,4418.91,4486.65,4314.31,4277.44,114.9,4408.74,4042.69,4245.23,4468.42,4119.45,2026-08-03〜2026-08-07
2026-08-14,USOIL,2026-08-13,82.29,79.36,80.45,4.57,4.43,80.7,82.04,83.63,79.11,77.77,64.1,81.71,77.81,76.93,80.37,72.93,2026-08-03〜2026-08-07
2026-08-15,USDJPY,2026-08-14,159.547,158.633,159.321,1.239,1.108,159.167,159.701,160.08,158.787,158.253,73.8,159.519,157.748,158.854,160.036,158.138,2026-08-10〜2026-08-14
2026-08-15,EURUSD,2026-08-14,1.15853,1.15267,1.15705,0.00503,0.00508,1.15608,1.1595,1.16194,1.15364,1.15022,116.5,1.15297,1.15609,1.15559,1.15999,1.15266,2026-08-10〜2026-08-14
2026-08-15,GBPUSD,2026-08-14,1.35613,1.34834,1.35341,0.00654,0.00663,1.35263,1.35691,1.36042,1.34912,1.34484,119.1,1.34871,1.3496,1.35235,1.35719,1.34856,2026-08-10〜2026-08-14
2026-08-15,EURJPY,2026-08-14,184.462,183.618,184.344,1.305,1.182,184.142,184.665,184.985,183.821,183.298,64.7,183.921,182.371,183.691,185.115,182.919,2026-08-10〜2026-08-14
2026-08-15,AUDUSD,2026-08-14,0.70953,0.70551,0.70844,0.00428,0.00416,0.70783,0.71014,0.71185,0.70612,0.70381,93.9,0.70599,0.70666,0.70739,0.71058,0.70524,2026-08-10〜2026-08-14
2026-08-15,EURGBP,2026-08-14,0.85515,0.85399,0.85491,0.00258,0.00262,0.85468,0.85538,0.85584,0.85422,0.85352,45,0.85487,0.85662,0.85505,0.85698,0.85299,2026-08-10〜2026-08-14
2026-08-15,USDCAD,2026-08-14,1.39376,1.38665,1.38753,0.00548,0.00545,1.38931,1.39198,1.39642,1.38487,1.3822,129.7,1.3931,1.39463,1.3902,1.39376,1.38398,2026-08-10〜2026-08-14
2026-08-15,USDCHF,2026-08-14,0.81448,0.81052,0.81334,0.00518,0.00508,0.81278,0.81504,0.81674,0.81108,0.80882,76.4,0.81416,0.80785,0.81169,0.81641,0.80862,2026-08-10〜2026-08-14
2026-08-15,NZDUSD,2026-08-14,0.58986,0.58456,0.58909,0.00428,0.00427,0.58784,0.59111,0.59314,0.58581,0.58254,123.8,0.58508,0.58936,0.5871,0.59197,0.58423,2026-08-10〜2026-08-14
2026-08-15,AUDNZD,2026-08-14,1.20743,1.2019,1.20262,0.00586,0.00584,1.20398,1.20607,1.20951,1.20054,1.19845,94.4,1.20666,1.19904,1.20265,1.21018,1.1951,2026-08-10〜2026-08-14
2026-08-15,XAUUSD,2026-08-14,4396.59,4310.61,4376.56,92.28,94.82,4361.25,4411.89,4447.23,4325.92,4275.28,93.2,4350.64,4342.29,4378.99,4447.36,4308.19,2026-08-10〜2026-08-14
2026-08-15,USOIL,2026-08-14,82.05,79.94,81.53,4.46,4.26,81.17,82.41,83.29,80.29,79.06,47.3,80.44,77.59,80.71,84.42,77.82,2026-08-10〜2026-08-14
