date_ny,open,high,low,close,bars,last_bar_ny
2024-07-01,1.2651,1.2712,1.2633,1.265,22,16:00
2024-07-02,1.2649,1.2688,1.26155,1.26855,24,16:00
2024-07-03,1.26855,1.2778,1.2674,1.2743,24,16:00
2024-07-04,1.2742,1.2768,1.2741,1.2759,24,16:00
2024-07-05,1.2762,1.28175,1.2754,1.28145,24,16:00
2024-07-08,1.2807,1.28465,1.2799,1.2806,22,16:00
2024-07-09,1.28075,1.2826,1.2778,1.27865,24,16:00
2024-07-10,1.27865,1.28495,1.2783,1.28485,24,16:00
2024-07-11,1.2849,1.295,1.2848,1.2915,24,16:00
2024-07-12,1.2911,1.2995,1.2902,1.2995,24,16:00
2024-07-15,1.2969,1.2995,1.2962,1.29675,22,16:00
2024-07-16,1.2965,1.298,1.2938,1.2974,24,16:00
2024-07-17,1.2967,1.3045,1.2966,1.3008,24,16:00
2024-07-18,1.30095,1.3014,1.294,1.2944,24,16:00
2024-07-19,1.2943,1.29555,1.2901,1.2918,24,16:00
2024-07-22,1.2934,1.29425,1.29055,1.2932,22,16:00
2024-07-23,1.2934,1.2935,1.28875,1.29075,24,16:00
2024-07-24,1.2909,1.2939,1.28765,1.2907,24,16:00
2024-07-25,1.2917,1.2917,1.285,1.2852,24,16:00
2024-07-26,1.28515,1.28785,1.285,1.2869,24,16:00
2024-07-29,1.2868,1.2889,1.28065,1.28615,22,16:00
2024-07-30,1.2862,1.28665,1.282,1.28355,24,16:00
2024-07-31,1.28335,1.28645,1.282,1.2857,24,16:00
2024-08-01,1.28565,1.2864,1.2727,1.27405,24,16:00
2024-08-02,1.2742,1.284,1.27075,1.28035,24,16:00
2024-08-05,1.2793,1.28165,1.271,1.27765,22,16:00
2024-08-06,1.27755,1.2803,1.2673,1.2691,24,16:00
2024-08-07,1.2691,1.27365,1.2681,1.2693,24,16:00
2024-08-08,1.26905,1.27525,1.26645,1.27485,24,16:00
2024-08-09,1.2749,1.2774,1.27265,1.2762,24,16:00
2024-08-12,1.2752,1.2794,1.2747,1.27675,22,16:00
2024-08-13,1.27655,1.2873,1.27615,1.28635,24,16:00
2024-08-14,1.28605,1.28685,1.2819,1.2827,24,16:00
2024-08-15,1.28305,1.2872,1.2799,1.2854,24,16:00
2024-08-16,1.2854,1.29465,1.2852,1.2945,24,16:00
2024-08-19,1.2942,1.29975,1.294,1.2992,22,16:00
2024-08-20,1.2991,1.3053,1.2974,1.3034,24,16:00
2024-08-21,1.30335,1.3119,1.30105,1.30895,24,16:00
2024-08-22,1.30935,1.3129,1.30765,1.30915,24,16:00
2024-08-23,1.309,1.32305,1.3085,1.32145,24,16:00
2024-08-26,1.3211,1.3222,1.3179,1.31875,22,16:00
2024-08-27,1.31905,1.32655,1.318,1.3261,24,16:00
2024-08-28,1.3258,1.3264,1.3168,1.31915,24,16:00
2024-08-29,1.31915,1.3227,1.31455,1.31685,24,16:00
2024-08-30,1.31685,1.31995,1.311,1.31265,24,16:00
2024-09-02,1.3131,1.3155,1.312,1.3144,22,16:00
2024-09-03,1.31505,1.31505,1.3087,1.3114,24,16:00
2024-09-04,1.3114,1.31755,1.3101,1.3146,24,16:00
2024-09-05,1.31465,1.3186,1.3137,1.3181,24,16:00
2024-09-06,1.3178,1.32375,1.311,1.3126,24,16:00
2024-09-09,1.3135,1.3144,1.3068,1.30745,22,16:00
2024-09-10,1.3075,1.3108,1.3049,1.30805,24,16:00
2024-09-11,1.308,1.3112,1.3002,1.3043,24,16:00
2024-09-12,1.3044,1.3127,1.3032,1.3124,24,16:00
2024-09-13,1.3125,1.3158,1.31145,1.31245,24,16:00
2024-09-16,1.3133,1.3219,1.31305,1.3217,22,16:00
2024-09-17,1.3216,1.323,1.3146,1.31605,24,16:00
2024-09-18,1.3161,1.3298,1.3155,1.3212,24,16:00
2024-09-19,1.32135,1.33145,1.31535,1.32835,24,16:00
2024-09-20,1.3284,1.33405,1.3268,1.332,24,16:00
2024-09-23,1.3318,1.33595,1.3249,1.3347,22,16:00
2024-09-24,1.3347,1.3416,1.3331,1.34135,24,16:00
2024-09-25,1.34125,1.343,1.33125,1.3324,24,16:00
2024-09-26,1.332,1.34345,1.3312,1.34155,24,16:00
2024-09-27,1.34155,1.3428,1.336,1.33745,24,16:00
2024-09-30,1.33805,1.3423,1.335,1.3375,22,16:00
2024-10-01,1.33745,1.339,1.3237,1.3286,24,16:00
2024-10-02,1.3286,1.3306,1.3246,1.32675,24,16:00
2024-10-03,1.32675,1.3274,1.30925,1.3125,24,16:00
2024-10-04,1.31245,1.3175,1.30695,1.31215,24,16:00
2024-10-07,1.3121,1.3135,1.30585,1.30845,23,16:00
2024-10-08,1.30835,1.3114,1.3064,1.3103,24,16:00
2024-10-09,1.31035,1.31065,1.3056,1.307,24,16:00
2024-10-10,1.3071,1.3094,1.3022,1.3059,24,16:00
2024-10-11,1.3059,1.30835,1.3041,1.30675,24,16:00
2024-10-14,1.3068,1.3072,1.303,1.3059,23,16:00
2024-10-15,1.30595,1.31035,1.3035,1.30745,24,16:00
2024-10-16,1.3074,1.3078,1.2977,1.299,24,16:00
2024-10-17,1.29925,1.3023,1.29735,1.3012,24,16:00
2024-10-18,1.3011,1.3072,1.30055,1.3051,24,16:00
2024-10-21,1.305,1.3058,1.2977,1.2985,23,16:00
2024-10-22,1.29845,1.30155,1.29445,1.2984,24,16:00
2024-10-23,1.2984,1.2995,1.29075,1.2922,24,16:00
2024-10-24,1.2921,1.2988,1.2909,1.2976,24,16:00
2024-10-25,1.29755,1.2999,1.2956,1.29615,24,16:00
2024-10-28,1.2967,1.3001,1.294,1.29725,23,16:00
2024-10-29,1.29725,1.30175,1.29585,1.3016,24,16:00
2024-10-30,1.30155,1.3043,1.2937,1.2962,24,16:00
2024-10-31,1.29625,1.29995,1.2845,1.2899,24,16:00
2024-11-01,1.2901,1.29805,1.28845,1.2924,24,16:00
2024-11-04,1.2972,1.2999,1.2934,1.2958,24,16:00
2024-11-05,1.29575,1.3043,1.2948,1.30425,24,16:00
2024-11-06,1.30425,1.3049,1.2835,1.2879,24,16:00
2024-11-07,1.2882,1.30095,1.2875,1.29865,24,16:00
2024-11-08,1.29865,1.29905,1.2884,1.2923,24,16:00
2024-11-11,1.29155,1.29265,1.2856,1.2869,24,16:00
2024-11-12,1.2871,1.28745,1.2719,1.27475,24,16:00
2024-11-13,1.27475,1.2769,1.2687,1.2707,24,16:00
2024-11-14,1.2707,1.27205,1.263,1.2666,24,16:00
2024-11-15,1.26665,1.2697,1.2597,1.262,24,16:00
2024-11-18,1.2629,1.2687,1.261,1.2679,24,16:00
2024-11-19,1.26765,1.26895,1.26135,1.26815,24,16:00
2024-11-20,1.2678,1.2715,1.2631,1.26525,24,16:00
2024-11-21,1.26515,1.266,1.2576,1.2589,24,16:00
2024-11-22,1.2592,1.2595,1.2487,1.25305,24,16:00
2024-11-25,1.25945,1.2614,1.2542,1.2568,24,16:00
2024-11-26,1.257,1.26165,1.25075,1.25695,24,16:00
2024-11-27,1.25715,1.26945,1.2567,1.268,24,16:00
2024-11-28,1.26795,1.2692,1.2645,1.26885,24,16:00
2024-11-29,1.26845,1.275,1.2672,1.27375,24,16:00
2024-12-02,1.2729,1.27365,1.2617,1.26555,24,16:00
2024-12-03,1.2656,1.27,1.2637,1.2672,24,16:00
2024-12-04,1.26715,1.27215,1.263,1.27015,24,16:00
2024-12-05,1.2703,1.2771,1.2693,1.27595,24,16:00
2024-12-06,1.27595,1.2811,1.2721,1.27415,24,16:00
2024-12-09,1.2737,1.2799,1.2717,1.27505,24,16:00
2024-12-10,1.275,1.2778,1.2724,1.2771,24,16:00
2024-12-11,1.277,1.2782,1.2713,1.27505,24,16:00
2024-12-12,1.27515,1.2788,1.26665,1.2674,24,16:00
2024-12-13,1.26765,1.26835,1.26085,1.262,24,16:00
2024-12-16,1.2616,1.2699,1.2611,1.2683,24,16:00
2024-12-17,1.26815,1.2729,1.2666,1.27105,24,16:00
2024-12-18,1.271,1.2723,1.25625,1.25735,24,16:00
2024-12-19,1.25765,1.2668,1.24955,1.25015,24,16:00
2024-12-20,1.25055,1.2614,1.2475,1.25695,24,16:00
2024-12-23,1.2566,1.2588,1.251,1.25375,24,16:00
2024-12-24,1.25355,1.2561,1.2525,1.2551,15,07:00
2024-12-25,1.25585,1.25585,1.25555,1.25555,1,16:00
2024-12-26,1.2552,1.25535,1.25015,1.25265,24,16:00
2024-12-27,1.25265,1.2593,1.25055,1.25775,24,16:00
2024-12-30,1.2578,1.26075,1.25065,1.25505,24,16:00
2024-12-31,1.2552,1.25695,1.253,1.25315,15,07:00
2025-01-01,1.2517,1.2521,1.2513,1.2518,4,16:00
2025-01-02,1.2517,1.254,1.2353,1.2381,24,16:00
2025-01-03,1.2381,1.2435,1.2373,1.2423,24,16:00
2025-01-06,1.2422,1.2551,1.2414,1.2519,24,16:00
2025-01-07,1.2521,1.2576,1.2477,1.2477,24,16:00
2025-01-08,1.2477,1.2494,1.2321,1.2362,24,16:00
2025-01-09,1.2363,1.2367,1.2239,1.2307,24,16:00
2025-01-10,1.2308,1.2322,1.2193,1.2208,24,16:00
2025-01-13,1.2208,1.221,1.21,1.2203,24,16:00
2025-01-14,1.22,1.225,1.214,1.2217,24,16:00
2025-01-15,1.2214,1.2306,1.2161,1.2241,24,16:00
2025-01-16,1.2241,1.226,1.2176,1.2241,24,16:00
2025-01-17,1.2241,1.2245,1.2161,1.2168,24,16:00
2025-01-20,1.2178,1.2344,1.2161,1.2327,24,16:00
2025-01-21,1.2328,1.2361,1.223,1.2353,24,16:00
2025-01-22,1.2354,1.2377,1.2308,1.2314,24,16:00
2025-01-23,1.2316,1.2376,1.2294,1.2353,24,16:00
2025-01-24,1.2355,1.2502,1.2349,1.2481,24,16:00
2025-01-27,1.2472,1.2523,1.2426,1.25,24,16:00
2025-01-28,1.2499,1.25,1.2415,1.2443,24,16:00
2025-01-29,1.2443,1.2464,1.2393,1.2451,24,16:00
2025-01-30,1.2451,1.2476,1.2407,1.2418,24,16:00
2025-01-31,1.242,1.2472,1.2386,1.2392,24,16:00
2025-02-03,1.2291,1.2455,1.2249,1.2451,24,16:00
2025-02-04,1.2453,1.2493,1.238,1.2479,24,16:00
2025-02-05,1.2479,1.255,1.2464,1.2506,24,16:00
2025-02-06,1.2508,1.251,1.2361,1.2436,24,16:00
2025-02-07,1.2436,1.2492,1.2377,1.2401,24,16:00
2025-02-10,1.2378,1.2422,1.2363,1.2369,24,16:00
2025-02-11,1.2369,1.2454,1.2332,1.2447,24,16:00
2025-02-12,1.2439,1.2483,1.2378,1.2455,24,16:00
2025-02-13,1.2453,1.2569,1.2441,1.2567,24,16:00
2025-02-14,1.2549,1.263,1.2547,1.2588,24,16:00
2025-02-17,1.259,1.2635,1.2578,1.2625,24,16:00
2025-02-18,1.2624,1.2625,1.2583,1.2614,24,16:00
2025-02-19,1.2613,1.2641,1.2563,1.2586,24,16:00
2025-02-20,1.2585,1.2672,1.2579,1.2669,24,16:00
2025-02-21,1.2664,1.2679,1.2625,1.2634,24,16:00
2025-02-24,1.2638,1.2691,1.2612,1.2625,24,16:00
2025-02-25,1.2631,1.2678,1.2606,1.2666,24,16:00
2025-02-26,1.2665,1.2716,1.2635,1.2677,24,16:00
2025-02-27,1.2678,1.2689,1.2598,1.2601,24,16:00
2025-02-28,1.2606,1.2622,1.2559,1.2577,24,16:00
2025-03-03,1.2585,1.2724,1.2582,1.27,24,16:00
2025-03-04,1.2704,1.28,1.2679,1.2796,24,16:00
2025-03-05,1.2793,1.2901,1.2768,1.2896,24,16:00
2025-03-06,1.2897,1.2924,1.2866,1.2885,24,16:00
2025-03-07,1.2882,1.2945,1.2876,1.2922,24,16:00
2025-03-10,1.2919,1.2946,1.2862,1.2878,23,16:00
2025-03-11,1.2879,1.2966,1.2873,1.2952,24,16:00
2025-03-12,1.2954,1.2989,1.2914,1.2965,24,16:00
2025-03-13,1.2963,1.2974,1.2921,1.2954,24,16:00
2025-03-14,1.2954,1.2959,1.2911,1.2935,24,16:00
2025-03-17,1.2932,1.2999,1.2925,1.2992,23,16:00
2025-03-18,1.2992,1.301,1.2952,1.3002,24,16:00
2025-03-19,1.3001,1.3011,1.2955,1.3004,24,16:00
2025-03-20,1.3004,1.3015,1.2936,1.2967,24,16:00
2025-03-21,1.2967,1.2973,1.2888,1.2919,24,16:00
2025-03-24,1.2906,1.2975,1.2896,1.2923,23,16:00
2025-03-25,1.2924,1.2967,1.2902,1.2944,24,16:00
2025-03-26,1.2943,1.295,1.2874,1.2889,24,16:00
2025-03-27,1.2889,1.2992,1.2871,1.295,24,16:00
2025-03-28,1.2949,1.2969,1.2923,1.2939,24,16:00
2025-03-31,1.2931,1.2973,1.2887,1.2919,23,16:00
2025-04-01,1.2918,1.2941,1.288,1.2923,24,16:00
2025-04-02,1.2922,1.3025,1.2901,1.3008,24,16:00
2025-04-03,1.3007,1.3207,1.2974,1.3101,24,16:00
2025-04-04,1.31,1.3114,1.2854,1.2901,24,16:00
2025-04-07,1.2879,1.2934,1.2708,1.2725,22,16:00
2025-04-08,1.2723,1.2814,1.2721,1.2765,24,16:00
2025-04-09,1.2765,1.2864,1.2744,1.2821,24,16:00
2025-04-10,1.2824,1.2996,1.281,1.2969,24,16:00
2025-04-11,1.2973,1.3145,1.2967,1.3088,24,16:00
2025-04-14,1.30837,1.32008,1.30755,1.31898,22,16:00
2025-04-15,1.31914,1.32494,1.31659,1.32326,24,16:00
2025-04-16,1.32273,1.3292,1.32153,1.3241,24,16:00
2025-04-17,1.32405,1.32732,1.32046,1.32674,24,16:00
2025-04-18,1.32575,1.32989,1.32528,1.32935,24,16:00
2025-04-21,1.33046,1.34217,1.33034,1.33813,22,16:00
2025-04-22,1.33727,1.34235,1.33276,1.33316,24,16:00
2025-04-23,1.3333,1.33396,1.32356,1.32545,24,16:00
2025-04-24,1.32661,1.33492,1.32478,1.33397,24,16:00
2025-04-25,1.33422,1.33442,1.32755,1.33122,24,16:00
2025-04-28,1.33007,1.34441,1.32811,1.34441,22,16:00
2025-04-29,1.34385,1.34439,1.33813,1.34082,24,16:00
2025-04-30,1.34048,1.3414,1.33088,1.33287,24,16:00
2025-05-01,1.33221,1.33438,1.32605,1.32777,24,16:00
2025-05-02,1.32783,1.33292,1.32638,1.32651,24,16:00
2025-05-05,1.32656,1.3336,1.32622,1.32959,22,16:00
2025-05-06,1.3292,1.34025,1.32621,1.33686,24,16:00
2025-05-07,1.33747,1.33871,1.32823,1.32927,24,16:00
2025-05-08,1.32995,1.33567,1.3237,1.32473,24,16:00
2025-05-09,1.326,1.33227,1.32128,1.33053,24,16:00
2025-05-12,1.32874,1.32993,1.31427,1.31751,22,16:00
2025-05-13,1.31782,1.33142,1.3169,1.33046,24,16:00
2025-05-14,1.33039,1.33592,1.32549,1.32614,24,16:00
2025-05-15,1.32679,1.33191,1.32594,1.33034,24,16:00
2025-05-16,1.32988,1.33321,1.32514,1.32806,24,16:00
2025-05-19,1.32996,1.34041,1.32938,1.33617,22,16:00
2025-05-20,1.33627,1.33951,1.33365,1.33932,24,16:00
2025-05-21,1.33878,1.34658,1.3384,1.34203,24,16:00
2025-05-22,1.34311,1.34401,1.33923,1.34192,24,16:00
2025-05-23,1.34259,1.35388,1.34144,1.35377,24,16:00
2025-05-26,1.35353,1.35929,1.35338,1.3565,22,16:00
2025-05-27,1.35641,1.35873,1.35017,1.35086,24,16:00
2025-05-28,1.35093,1.35221,1.34512,1.34715,24,16:00
2025-05-29,1.34666,1.35066,1.3419,1.3492,24,16:00
2025-05-30,1.34884,1.35111,1.34512,1.34542,24,16:00
2025-06-02,1.34642,1.35595,1.34637,1.35463,22,16:00
2025-06-03,1.35419,1.3559,1.34944,1.35186,24,16:00
2025-06-04,1.35183,1.35796,1.35024,1.35544,24,16:00
2025-06-05,1.35544,1.36156,1.35413,1.35717,24,16:00
2025-06-06,1.35849,1.35853,1.35084,1.35274,24,16:00
2025-06-09,1.35373,1.35799,1.35259,1.35518,22,16:00
2025-06-10,1.3554,1.35647,1.3458,1.35,24,16:00
2025-06-11,1.34996,1.35658,1.34649,1.35474,24,16:00
2025-06-12,1.35593,1.36216,1.35247,1.36136,24,16:00
2025-06-13,1.36236,1.36312,1.35201,1.3563,24,16:00
2025-06-16,1.35579,1.3621,1.35356,1.35785,22,16:00
2025-06-17,1.35853,1.35929,1.34156,1.34288,24,16:00
2025-06-18,1.34347,1.3476,1.34021,1.34214,24,16:00
2025-06-19,1.34463,1.34706,1.33838,1.34677,24,16:00
2025-06-20,1.34599,1.351,1.34421,1.34488,24,16:00
2025-06-23,1.34282,1.35302,1.3372,1.35245,22,16:00
2025-06-24,1.3513,1.36478,1.3513,1.36156,24,16:00
2025-06-25,1.36097,1.36711,1.35921,1.36647,24,16:00
2025-06-26,1.36696,1.37703,1.36577,1.37278,24,16:00
2025-06-27,1.37287,1.3751,1.36851,1.37236,24,16:00
2025-06-30,1.3724,1.37406,1.3676,1.37344,22,16:00
2025-07-01,1.37306,1.37887,1.3705,1.37476,24,16:00
2025-07-02,1.37459,1.37529,1.35656,1.36351,24,16:00
2025-07-03,1.3637,1.36754,1.35888,1.36552,24,16:00
2025-07-04,1.36586,1.36818,1.3634,1.36442,24,16:00
2025-07-07,1.36537,1.36582,1.35761,1.36019,22,16:00
2025-07-08,1.36049,1.36463,1.3527,1.35927,24,16:00
2025-07-09,1.35894,1.36182,1.35658,1.3586,24,16:00
2025-07-10,1.35842,1.36195,1.35344,1.35799,24,16:00
2025-07-11,1.35772,1.35864,1.34834,1.34922,24,16:00
2025-07-14,1.34847,1.35046,1.34253,1.34264,22,16:00
2025-07-15,1.3434,1.34662,1.33799,1.3384,24,16:00
2025-07-16,1.33854,1.34814,1.3367,1.34207,24,16:00
2025-07-17,1.34284,1.34284,1.33756,1.34171,24,16:00
2025-07-18,1.34217,1.34738,1.3407,1.3412,24,16:00
2025-07-21,1.34135,1.35104,1.34028,1.3494,22,16:00
2025-07-22,1.34878,1.35349,1.34642,1.35349,24,16:00
2025-07-23,1.3525,1.35844,1.35172,1.35807,24,16:00
2025-07-24,1.35807,1.35882,1.3504,1.35077,24,16:00
2025-07-25,1.35071,1.3513,1.34169,1.34374,24,16:00
2025-07-28,1.34347,1.34532,1.33517,1.33556,22,16:00
2025-07-29,1.3357,1.33658,1.33088,1.3351,24,16:00
2025-07-30,1.33486,1.33844,1.32305,1.32406,24,16:00
2025-07-31,1.32326,1.3282,1.31884,1.32078,24,16:00
2025-08-01,1.32086,1.33049,1.3142,1.32799,24,16:00
2025-08-04,1.32799,1.33305,1.32549,1.32848,22,16:00
2025-08-05,1.32846,1.33163,1.32637,1.32966,24,16:00
2025-08-06,1.32913,1.33681,1.32836,1.33565,24,16:00
2025-08-07,1.33567,1.3449,1.33472,1.34456,24,16:00
2025-08-08,1.34306,1.34582,1.3419,1.34524,24,16:00
2025-08-11,1.34445,1.34758,1.34016,1.34309,22,16:00
2025-08-12,1.34266,1.35236,1.34217,1.35007,24,16:00
2025-08-13,1.34982,1.35853,1.34938,1.35757,24,16:00
2025-08-14,1.35728,1.35945,1.35225,1.35302,24,16:00
2025-08-15,1.35373,1.35733,1.35252,1.35542,24,16:00
2025-08-18,1.35621,1.35656,1.35029,1.35029,22,16:00
2025-08-19,1.35281,1.35311,1.34782,1.34933,24,16:00
2025-08-20,1.34931,1.35088,1.34488,1.34561,24,16:00
2025-08-21,1.34506,1.3482,1.34061,1.34127,24,16:00
2025-08-22,1.34131,1.35437,1.33905,1.35267,24,16:00
2025-08-25,1.35175,1.35274,1.34479,1.34539,22,16:00
2025-08-26,1.34725,1.34929,1.34354,1.34785,24,16:00
2025-08-27,1.34882,1.3502,1.34199,1.35004,24,16:00
2025-08-28,1.3502,1.35307,1.34844,1.35133,24,16:00
2025-08-29,1.35166,1.3517,1.34479,1.35015,24,16:00
2025-09-01,1.35031,1.35503,1.3502,1.35466,22,16:00
2025-09-02,1.35455,1.35498,1.33421,1.33955,24,16:00
2025-09-03,1.3396,1.34582,1.33365,1.34447,24,16:00
2025-09-04,1.34432,1.34589,1.34165,1.34353,24,16:00
2025-09-05,1.34237,1.35538,1.34225,1.35082,24,16:00
2025-09-08,1.34896,1.35551,1.34845,1.35465,22,16:00
2025-09-09,1.35538,1.35901,1.35188,1.35269,24,16:00
2025-09-10,1.35272,1.35604,1.35161,1.35294,24,16:00
2025-09-11,1.35276,1.35831,1.34976,1.35735,24,16:00
2025-09-12,1.35788,1.35809,1.35272,1.35624,24,16:00
2025-09-15,1.35573,1.36192,1.35498,1.35988,22,16:00
2025-09-16,1.36023,1.36704,1.35975,1.36463,24,16:00
2025-09-17,1.36735,1.37248,1.36201,1.36279,24,16:00
2025-09-18,1.36409,1.36556,1.35355,1.35538,24,16:00
2025-09-19,1.35573,1.35593,1.34647,1.3474,24,16:00
2025-09-22,1.34722,1.35201,1.34542,1.35163,22,16:00
2025-09-23,1.35104,1.3536,1.34878,1.35263,24,16:00
2025-09-24,1.35241,1.35283,1.34282,1.34477,24,16:00
2025-09-25,1.34532,1.34673,1.33253,1.33437,24,16:00
2025-09-26,1.33442,1.34124,1.33317,1.34012,24,16:00
2025-09-29,1.34048,1.34566,1.34048,1.34306,22,16:00
2025-09-30,1.34235,1.34671,1.34162,1.34463,24,16:00
2025-10-01,1.34584,1.35272,1.34356,1.34778,24,16:00
2025-10-02,1.34905,1.35104,1.34021,1.34409,24,16:00
2025-10-03,1.34288,1.34864,1.34277,1.34818,24,16:00
2025-10-06,1.34414,1.34904,1.34172,1.34853,23,16:00
2025-10-07,1.34856,1.34874,1.33935,1.34248,24,16:00
2025-10-08,1.34295,1.34382,1.33722,1.34028,24,16:00
2025-10-09,1.34032,1.34192,1.32809,1.33044,24,16:00
2025-10-10,1.33096,1.33599,1.32668,1.33586,24,16:00
2025-10-13,1.33403,1.33659,1.33161,1.3334,23,16:00
2025-10-14,1.33388,1.33527,1.32496,1.33197,24,16:00
2025-10-15,1.33236,1.34063,1.33174,1.34016,24,16:00
2025-10-16,1.33937,1.34542,1.33924,1.34336,24,16:00
2025-10-17,1.34409,1.34715,1.33921,1.34255,24,16:00
2025-10-20,1.34278,1.34432,1.34009,1.34057,23,16:00
2025-10-21,1.34262,1.34262,1.33633,1.33695,24,16:00
2025-10-22,1.33745,1.33876,1.33071,1.33565,24,16:00
2025-10-23,1.3362,1.33627,1.33087,1.33269,24,16:00
2025-10-24,1.33255,1.33595,1.3289,1.33131,24,16:00
2025-10-27,1.33186,1.33529,1.33115,1.33374,22,16:00
2025-10-28,1.33369,1.33701,1.32487,1.32719,24,16:00
2025-10-29,1.3271,1.32807,1.31479,1.31957,24,16:00
2025-10-30,1.31957,1.32184,1.31201,1.31499,24,16:00
2025-10-31,1.31477,1.31647,1.30983,1.31525,24,16:00
2025-11-03,1.31326,1.31624,1.3111,1.31408,24,16:00
2025-11-04,1.31411,1.31442,1.30112,1.30208,24,16:00
2025-11-05,1.30293,1.30548,1.30112,1.30489,24,16:00
2025-11-06,1.30465,1.31427,1.30465,1.31378,24,16:00
2025-11-07,1.31321,1.31751,1.3096,1.31647,24,16:00
2025-11-10,1.31545,1.31912,1.31382,1.31758,24,16:00
2025-11-11,1.31766,1.31844,1.31179,1.31505,24,16:00
2025-11-12,1.31506,1.31692,1.30858,1.31337,24,16:00
2025-11-13,1.31254,1.32148,1.3105,1.31926,24,16:00
2025-11-14,1.31994,1.32004,1.31099,1.31747,24,16:00
2025-11-17,1.31544,1.3193,1.31375,1.3153,24,16:00
2025-11-18,1.31584,1.31763,1.31356,1.31444,24,16:00
2025-11-19,1.31435,1.31539,1.30451,1.30599,24,16:00
2025-11-20,1.30567,1.31234,1.30395,1.30729,24,16:00
2025-11-21,1.30704,1.31098,1.304,1.30991,24,16:00
2025-11-24,1.3097,1.31175,1.30815,1.31053,24,16:00
2025-11-25,1.31051,1.32152,1.30952,1.31655,24,16:00
2025-11-26,1.31654,1.32435,1.31302,1.32435,24,16:00
2025-11-27,1.32433,1.32697,1.321,1.32394,24,16:00
2025-11-28,1.32393,1.32514,1.3202,1.32349,24,16:00
2025-12-01,1.32271,1.32746,1.32064,1.32122,24,16:00
2025-12-02,1.32121,1.3222,1.31793,1.32155,24,16:00
2025-12-03,1.32154,1.33549,1.32003,1.33537,24,16:00
2025-12-04,1.33536,1.33835,1.33226,1.33267,24,16:00
2025-12-05,1.33268,1.33613,1.33167,1.33329,24,16:00
2025-12-08,1.3327,1.3346,1.33073,1.33217,24,16:00
2025-12-09,1.33219,1.3355,1.32897,1.32983,24,16:00
2025-12-10,1.32987,1.33885,1.32971,1.33814,24,16:00
2025-12-11,1.33809,1.34369,1.33559,1.33868,24,16:00
2025-12-12,1.3387,1.34001,1.33438,1.33717,24,16:00
2025-12-15,1.33781,1.34012,1.33547,1.33773,24,16:00
2025-12-16,1.33773,1.34523,1.33565,1.34219,24,16:00
2025-12-17,1.34221,1.34273,1.33116,1.33749,24,16:00
2025-12-18,1.33752,1.34436,1.33422,1.33822,24,16:00
2025-12-19,1.33823,1.3394,1.33578,1.33761,24,16:00
2025-12-22,1.33837,1.34784,1.33755,1.34624,24,16:00
2025-12-23,1.34619,1.35244,1.34566,1.35182,24,16:00
2025-12-24,1.35181,1.35345,1.35003,1.35023,15,07:00
2025-12-25,1.35232,1.35347,1.3496,1.35204,9,16:00
2025-12-26,1.35201,1.35266,1.34782,1.3499,24,16:00
2025-12-29,1.34919,1.35154,1.34697,1.35139,24,16:00
2025-12-30,1.35137,1.35301,1.3451,1.34687,24,16:00
2025-12-31,1.34687,1.3472,1.34263,1.34669,15,07:00
2026-01-01,1.34754,1.34825,1.3424,1.34583,9,16:00
2026-01-02,1.34582,1.35017,1.34347,1.34596,24,16:00
2026-01-05,1.34553,1.35506,1.34143,1.35425,24,16:00
2026-01-06,1.35421,1.3568,1.34918,1.35021,24,16:00
2026-01-07,1.35019,1.35173,1.3457,1.3458,24,16:00
2026-01-08,1.34578,1.34658,1.34172,1.3441,24,16:00
2026-01-09,1.34407,1.34483,1.3394,1.34032,24,16:00
2026-01-12,1.34009,1.34886,1.33918,1.34653,24,16:00
2026-01-13,1.3465,1.3493,1.34214,1.34224,24,16:00
2026-01-14,1.34221,1.3466,1.34198,1.34461,24,16:00
2026-01-15,1.3446,1.34463,1.33632,1.33828,24,16:00
2026-01-16,1.33826,1.34125,1.33677,1.33786,24,16:00
2026-01-19,1.33533,1.34348,1.33419,1.34259,24,16:00
2026-01-20,1.34258,1.34909,1.34104,1.34427,24,16:00
2026-01-21,1.34421,1.34566,1.34024,1.34318,24,16:00
2026-01-22,1.34318,1.35073,1.34092,1.35029,24,16:00
2026-01-23,1.35036,1.36476,1.34837,1.36444,24,16:00
2026-01-26,1.36662,1.37132,1.36434,1.36798,24,16:00
2026-01-27,1.36796,1.38621,1.36641,1.38485,24,16:00
2026-01-28,1.38483,1.38507,1.37527,1.38085,24,16:00
2026-01-29,1.38089,1.38464,1.37452,1.38112,24,16:00
2026-01-30,1.38111,1.38145,1.36792,1.36857,24,16:00
2026-02-02,1.36937,1.37142,1.36263,1.36678,24,16:00
2026-02-03,1.36678,1.37067,1.36502,1.36984,24,16:00
2026-02-04,1.36983,1.37322,1.36433,1.36529,24,16:00
2026-02-05,1.36524,1.36738,1.35203,1.35311,24,16:00
2026-02-06,1.35309,1.36242,1.35104,1.36121,24,16:00
2026-02-09,1.35983,1.37018,1.35875,1.36958,24,16:00
2026-02-10,1.36963,1.3697,1.36391,1.36429,24,16:00
2026-02-11,1.36428,1.37135,1.36156,1.36288,24,16:00
2026-02-12,1.36287,1.36717,1.36051,1.36228,24,16:00
2026-02-13,1.36228,1.36619,1.35919,1.36549,24,16:00
2026-02-16,1.36478,1.3661,1.3626,1.36304,24,16:00
2026-02-17,1.36304,1.36343,1.34954,1.35683,24,16:00
2026-02-18,1.35683,1.35825,1.34934,1.34934,24,16:00
2026-02-19,1.34935,1.35164,1.34363,1.34642,24,16:00
2026-02-20,1.34644,1.35175,1.34362,1.34789,24,16:00
2026-02-23,1.34915,1.35353,1.34763,1.34922,24,16:00
2026-02-24,1.34922,1.35361,1.34704,1.34888,24,16:00
2026-02-25,1.3489,1.35649,1.34888,1.35598,24,16:00
2026-02-26,1.35598,1.35747,1.3447,1.34833,24,16:00
2026-02-27,1.34835,1.3512,1.34403,1.34866,24,16:00
2026-03-02,1.34254,1.34558,1.33153,1.34058,24,16:00
2026-03-03,1.34058,1.34244,1.32538,1.33567,24,16:00
2026-03-04,1.33567,1.34038,1.33055,1.33733,24,16:00
2026-03-05,1.33734,1.33865,1.33001,1.33587,24,16:00
2026-03-06,1.33583,1.34107,1.33109,1.34107,24,16:00
2026-03-09,1.33403,1.34463,1.32842,1.34424,24,16:00
2026-03-10,1.34412,1.34817,1.34122,1.3417,24,16:00
2026-03-11,1.34174,1.34581,1.33944,1.34128,24,16:00
2026-03-12,1.34128,1.34146,1.33373,1.33432,24,16:00
2026-03-13,1.33434,1.33692,1.32209,1.32239,24,16:00
2026-03-16,1.32391,1.33377,1.32263,1.33196,24,16:00
2026-03-17,1.33196,1.33645,1.32746,1.33567,24,16:00
2026-03-18,1.33565,1.3375,1.32534,1.32576,24,16:00
2026-03-19,1.32575,1.347,1.32459,1.34316,24,16:00
2026-03-20,1.34313,1.34417,1.33019,1.33417,24,16:00
2026-03-23,1.33179,1.34757,1.32579,1.34261,24,16:00
2026-03-24,1.34263,1.34416,1.33545,1.34119,24,16:00
2026-03-25,1.34117,1.3435,1.33584,1.33658,24,16:00
2026-03-26,1.33657,1.33776,1.33107,1.33307,24,16:00
2026-03-27,1.33306,1.33471,1.32604,1.32627,24,16:00
2026-03-30,1.32612,1.32813,1.31758,1.31841,24,16:00
2026-03-31,1.31838,1.32636,1.31613,1.32277,24,16:00
2026-04-01,1.32275,1.33453,1.32205,1.33072,24,16:00
2026-04-02,1.3307,1.33142,1.31825,1.32271,24,16:00
2026-04-03,1.32269,1.3243,1.31896,1.32021,24,16:00
2026-04-06,1.31909,1.32677,1.31805,1.32374,24,16:00
2026-04-07,1.32371,1.32998,1.32126,1.3294,24,16:00
2026-04-08,1.32937,1.34844,1.32862,1.33956,24,16:00
2026-04-09,1.33952,1.3458,1.33817,1.34369,24,16:00
2026-04-10,1.34367,1.34802,1.34097,1.34624,24,16:00
2026-04-13,1.34149,1.35091,1.33821,1.35066,24,16:00
2026-04-14,1.3507,1.35892,1.34979,1.35669,24,16:00
2026-04-15,1.35665,1.35785,1.35447,1.35617,24,16:00
2026-04-16,1.35613,1.35948,1.3518,1.35272,24,16:00
2026-04-17,1.35269,1.35983,1.35049,1.35189,24,16:00
2026-04-20,1.34911,1.35438,1.34764,1.35344,24,16:00
2026-04-21,1.35345,1.35397,1.34724,1.3509,24,16:00
2026-04-22,1.35089,1.35356,1.34928,1.35035,24,16:00
2026-04-23,1.35032,1.3519,1.34512,1.34667,24,16:00
2026-04-24,1.34666,1.3538,1.34541,1.35313,24,16:00
2026-04-27,1.3513,1.35762,1.35062,1.35336,24,16:00
2026-04-28,1.35333,1.35414,1.34648,1.35182,24,16:00
2026-04-29,1.35182,1.35282,1.34611,1.34759,24,16:00
2026-04-30,1.34758,1.36114,1.34539,1.36044,24,16:00
2026-05-01,1.36039,1.36575,1.35683,1.35746,24,16:00
2026-05-04,1.35869,1.36043,1.35135,1.35314,24,16:00
2026-05-05,1.35313,1.35779,1.35146,1.35386,24,16:00
2026-05-06,1.35386,1.3644,1.35381,1.35938,24,16:00
2026-05-07,1.35934,1.36316,1.35509,1.35509,24,16:00
2026-05-08,1.35509,1.3638,1.35465,1.36294,24,16:00
2026-05-11,1.35669,1.36524,1.35531,1.36105,24,16:00
2026-05-12,1.36104,1.36149,1.35027,1.35411,24,16:00
2026-05-13,1.35406,1.35504,1.34869,1.35243,24,16:00
2026-05-14,1.35242,1.35326,1.33951,1.34016,24,16:00
2026-05-15,1.34007,1.34168,1.33157,1.33248,24,16:00
2026-05-18,1.33258,1.34477,1.33039,1.34344,24,16:00
2026-05-19,1.34346,1.34378,1.33801,1.33954,24,16:00
2026-05-20,1.33954,1.34658,1.33765,1.3435,24,16:00
2026-05-21,1.34346,1.34556,1.33941,1.34293,24,16:00
2026-05-22,1.34295,1.34613,1.34141,1.34309,24,16:00
2026-05-25,1.34528,1.35095,1.34402,1.35074,24,16:00
2026-05-26,1.35071,1.35085,1.34337,1.34474,24,16:00
2026-05-27,1.3447,1.34593,1.34169,1.34272,24,16:00
2026-05-28,1.34276,1.34495,1.33683,1.3444,24,16:00
2026-05-29,1.34436,1.34856,1.34087,1.34567,24,16:00
2026-06-01,1.34575,1.3476,1.34086,1.34552,24,16:00
2026-06-02,1.34553,1.34815,1.34515,1.34643,24,16:00
2026-06-03,1.34645,1.34717,1.34129,1.34173,24,16:00
2026-06-04,1.34176,1.34622,1.3412,1.34241,24,16:00
2026-06-05,1.34242,1.34838,1.33313,1.33401,24,16:00
2026-06-08,1.33358,1.33702,1.33056,1.33387,24,16:00
2026-06-09,1.33389,1.34093,1.33319,1.33789,24,16:00
2026-06-10,1.33788,1.34232,1.33674,1.33684,24,16:00
2026-06-11,1.33681,1.34318,1.33266,1.34165,24,16:00
2026-06-12,1.34163,1.34263,1.33846,1.34049,24,16:00
2026-06-15,1.34004,1.34614,1.33994,1.34128,24,16:00
2026-06-16,1.34127,1.34423,1.33905,1.34268,24,16:00
2026-06-17,1.34266,1.34346,1.32624,1.32961,24,16:00
2026-06-18,1.32957,1.33264,1.31942,1.3205,24,16:00
2026-06-19,1.32047,1.32414,1.31637,1.32368,24,16:00
2026-06-22,1.31983,1.32726,1.31836,1.32509,24,16:00
2026-06-23,1.32505,1.32611,1.31822,1.32034,24,16:00
2026-06-24,1.3203,1.32095,1.31416,1.31703,24,16:00
2026-06-25,1.31696,1.32192,1.31478,1.31909,24,16:00
2026-06-26,1.31911,1.32315,1.31807,1.31979,24,16:00
2026-06-29,1.32075,1.32627,1.31914,1.32599,24,16:00
2026-06-30,1.32596,1.32772,1.32117,1.32608,24,16:00
2026-07-01,1.32603,1.32934,1.32199,1.32761,24,16:00
2026-07-02,1.32758,1.33833,1.3269,1.33475,24,16:00
2026-07-03,1.33472,1.33803,1.33348,1.33493,24,16:00
2026-07-06,1.33483,1.33975,1.33292,1.33899,24,16:00
2026-07-07,1.33896,1.34027,1.33493,1.33592,24,16:00
2026-07-08,1.33584,1.34102,1.33239,1.33896,24,16:00
2026-07-09,1.3389,1.343,1.3382,1.34092,24,16:00
2026-07-10,1.34089,1.34517,1.33932,1.34021,24,16:00
2026-07-13,1.3396,1.34122,1.33428,1.33464,24,16:00
2026-07-14,1.33458,1.34382,1.33408,1.33916,24,16:00
2026-07-15,1.33914,1.35583,1.33784,1.35393,24,16:00
2026-07-16,1.35385,1.3546,1.34601,1.34802,24,16:00
2026-07-17,1.34799,1.34845,1.34245,1.34523,24,16:00
2026-07-20,1.34512,1.34804,1.34153,1.34313,24,16:00
2026-07-21,1.34312,1.34562,1.336,1.3374,24,16:00
2026-07-22,1.33746,1.33949,1.33553,1.33761,24,16:00
2026-07-23,1.3376,1.33937,1.33003,1.3315,24,16:00
2026-07-24,1.3315,1.3349,1.33065,1.33245,24,16:00
2026-07-27,1.33316,1.33638,1.32844,1.32889,24,16:00
2026-07-28,1.32886,1.33107,1.32733,1.32906,24,16:00
2026-07-29,1.329,1.33872,1.32795,1.33686,24,16:00
2026-07-30,1.33682,1.34769,1.33332,1.34637,24,16:00
2026-07-31,1.34645,1.34944,1.34011,1.34804,24,16:00
2026-08-03,1.34828,1.35065,1.34183,1.34339,24,16:00
2026-08-04,1.34334,1.34566,1.34198,1.34542,24,16:00
2026-08-05,1.34536,1.34864,1.34447,1.34688,24,16:00
2026-08-06,1.34685,1.34795,1.34486,1.34541,24,16:00
2026-08-07,1.34535,1.35093,1.34347,1.34936,24,16:00
2026-08-10,1.3496,1.35312,1.34834,1.35078,24,16:00
2026-08-11,1.35074,1.35156,1.34928,1.35084,24,16:00
2026-08-12,1.3508,1.35402,1.34881,1.34956,24,16:00
2026-08-13,1.34952,1.35126,1.3475,1.3487,24,16:00
2026-08-14,1.34871,1.35613,1.34834,1.35341,24,16:00
2026-08-17,1.35362,1.3572,1.35308,1.35407,24,16:00
2026-08-18,1.35416,1.35543,1.35201,1.35324,24,16:00
2026-08-19,1.35321,1.36294,1.35237,1.36071,24,16:00
2026-08-20,1.3607,1.36584,1.35949,1.3631,24,16:00
2026-08-21,1.3631,1.36752,1.36188,1.36453,24,16:00
2026-08-24,1.36357,1.36559,1.36221,1.36313,24,16:00
2026-08-25,1.3631,1.36553,1.36225,1.3649,24,16:00
2026-08-26,1.36494,1.36523,1.35849,1.35983,24,16:00
2026-08-27,1.35976,1.36025,1.35715,1.35927,24,16:00
2026-08-28,1.35928,1.36013,1.35272,1.35355,24,16:00
2026-08-31,1.35336,1.35652,1.35285,1.3549,24,16:00
2026-09-01,1.35484,1.35597,1.35063,1.35163,24,16:00
2026-09-02,1.35162,1.35205,1.34751,1.34841,24,16:00
2026-09-03,1.34847,1.35479,1.34804,1.35243,24,16:00
2026-09-04,1.35245,1.35498,1.34864,1.35181,24,16:00
2026-09-07,1.35179,1.3548,1.35061,1.35412,24,16:00
2026-09-08,1.3541,1.35612,1.35223,1.35401,24,16:00
2026-09-09,1.35404,1.35682,1.353,1.35469,24,16:00
2026-09-10,1.35467,1.35601,1.34933,1.35116,24,16:00
2026-09-11,1.35113,1.35344,1.34809,1.3526,24,16:00
2026-09-14,1.35258,1.35293,1.34637,1.35012,24,16:00
2026-09-15,1.35009,1.35058,1.34647,1.34768,24,16:00
2026-09-16,1.34762,1.3495,1.3374,1.33802,24,16:00
2026-09-17,1.33807,1.34154,1.33364,1.33579,24,16:00
2026-09-18,1.3358,1.33985,1.33355,1.33941,24,16:00
2026-09-21,1.3393,1.34,1.33654,1.33697,24,16:00
2026-09-22,1.33692,1.33875,1.33218,1.33439,24,16:00
2026-09-23,1.33445,1.33483,1.32231,1.32405,24,16:00
2026-09-24,1.32401,1.32568,1.32048,1.322,24,16:00
2026-09-25,1.32197,1.32638,1.32095,1.32466,24,16:00
2026-09-28,1.32364,1.32802,1.32238,1.32549,24,16:00
2026-09-29,1.32546,1.32584,1.3199,1.32318,24,16:00
2026-09-30,1.32316,1.33093,1.32237,1.32639,24,16:00
2026-10-01,1.32631,1.32726,1.31814,1.3195,24,16:00
2026-10-02,1.31936,1.32591,1.31824,1.324,24,16:00
2026-10-05,1.32408,1.32508,1.31912,1.32232,24,16:00
2026-10-06,1.32233,1.32859,1.32021,1.32753,24,16:00
